:020000040800F2
:1000000000900020056E0008454800084D48000893
:1000100000000000000000000000000000000000E0
:10002000000000000000000000000000554800082B
:1000300000000000000000005F4800086948000858
:10004000556E000800000000556E0008556E00084F
:10005000556E0008556E0008556E0008556E000874
:1000600000000000556E0008556E0008556E00082F
:10007000556E000875480008556E00080000000025
:10008000556E0008556E0008556E0008556E000844
:10009000556E0008556E0008556E0008556E000834
:1000A000556E0008556E0008556E0008514900084D
:0800B0005B49000869490008E2
:1000B80010B5064C2378002B07D1054B002B02D036
:1000C800044800E000BF0123237010BD8C0200200B
:1000D80000000000F8800008044B10B5002B03D086
:1000E8000349044800E000BF10BDC04600000000FE
:1000F80090020020F8800008002243088B4274D345
:1001080003098B425FD3030A8B4244D3030B8B4210
:1001180028D3030C8B420DD3FF22090212BA030C19
:100128008B4202D31212090265D0030B8B4219D3FA
:1001380000E0090AC30B8B4201D3CB03C01A52411A
:10014800830B8B4201D38B03C01A5241430B8B4262
:1001580001D34B03C01A5241030B8B4201D30B034B
:10016800C01A5241C30A8B4201D3CB02C01A524172
:10017800830A8B4201D38B02C01A5241430A8B4235
:1001880001D34B02C01A5241030A8B4201D30B021E
:10019800C01A5241CDD2C3098B4201D3CB01C01A38
:1001A800524183098B4201D38B01C01A5241430942
:1001B8008B4201D34B01C01A524103098B4201D330
:1001C8000B01C01A5241C3088B4201D3CB00C01A9D
:1001D800524183088B4201D38B00C01A5241430815
:1001E8008B4201D34B00C01A5241411A00D201463A
:1001F800524110467047FFE701B5002000F0F0F8C3
:1002080002BDC0460029F7D076E7704703460B4386
:100218007FD4002243088B4274D303098B425FD3F7
:10022800030A8B4244D3030B8B4228D3030C8B4223
:100238000DD3FF22090212BA030C8B4202D3121209
:10024800090265D0030B8B4219D300E0090AC30BDE
:100258008B4201D3CB03C01A5241830B8B4201D38B
:100268008B03C01A5241430B8B4201D34B03C01A74
:100278005241030B8B4201D30B03C01A5241C30AEC
:100288008B4201D3CB02C01A5241830A8B4201D35D
:100298008B02C01A5241430A8B4201D34B02C01A47
:1002A8005241030A8B4201D30B02C01A5241CDD2EC
:1002B800C3098B4201D3CB01C01A524183098B4237
:1002C80001D38B01C01A524143098B4201D34B0120
:1002D800C01A524103098B4201D30B01C01A524183
:1002E800C3088B4201D3CB00C01A524183088B420A
:1002F80001D38B00C01A524143088B4201D34B00F3
:10030800C01A5241411A00D2014652411046704764
:100318005DE0CA0F00D04942031000D34042534069
:1003280000229C4603098B422DD3030A8B4212D329
:10033800FC22890112BA030A8B420CD3890192115B
:100348008B4208D3890192118B4204D389013AD098
:10035800921100E08909C3098B4201D3CB01C01A6D
:10036800524183098B4201D38B01C01A5241430980
:100378008B4201D34B01C01A524103098B4201D36E
:100388000B01C01A5241C3088B4201D3CB00C01ADB
:10039800524183088B4201D38B00C01A5241D9D2F3
:1003A80043088B4201D34B00C01A5241411A00D274
:1003B8000146634652415B10104601D34042002B70
:1003C80000D54942704763465B1000D3404201B5EF
:1003D800002000F005F802BD0029F8D016E77047A4
:1003E8007047C046844608006146FFE71FB500F025
:1003F800B9F9002801D40021C8421FBD10B500F08A
:1004080041F94042013010BD10B500F0ABF90028A9
:1004180001DB002010BD012010BDC04610B500F062
:10042800A1F9002801DD002010BD012010BDC04643
:1004380010B500F04FF9002801DC002010BD0120A4
:1004480010BDC04610B500F045F9002801DA0020BB
:1004580010BD012010BDC046F0B546464F46D646F1
:100468004502C0B5C30F470098460E1C6D0A3F0EE3
:100478005BD0FF2F21D08023ED00DB041D43002338
:1004880099469A467F3F74027300640A1B0EF60F62
:10049800002B20D0FF2B43D080220020E400D20480
:1004A80014437F3B4246FF1A4B4672400F2B00D93C
:1004B8009DE071499B00CB589F46002D5AD10823D7
:1004C8009946063B74029A467300FF27640A1B0E7E
:1004D800F60F002BDED1002C3BD1012342464946C2
:1004E800724019430E2918D86448890041588F462C
:1004F8005346022B00D1B8E0032B6ED042462C00A5
:10050800012B40D100200024C0052043D20710430E
:10051800E0BCBA46B146A846F0BDFF200024F3E788
:10052800002C20D10223FF3FD8E7002D05D104235A
:100538009946033B00279A46A5E7280000F0CEFD20
:100548007627431F9D4000237F4299469A463F1ACB
:1005580099E7200000F0C2FD431F9C4076235B42D0
:100568001B1A00209EE703234A461A43914603209C
:10057800FC3397E70C239946093BFF279A4682E705
:1005880003282CD0320038007F30002847DD63076D
:1005980004D00F232340042B00D00434230103D5B7
:1005A8003800374B80301C40FE28B6DCA401640AB2
:1005B800C0B2A9E780240022FF20E403A4E7802337
:1005C800DB031D4201D01C420BD08024E4032C43E2
:1005D80064024246FF20640A96E746462C008023C0
:1005E800DB031C4364023200FF20640A8CE76D01C0
:1005F800600185422DD21B230024013F01262900DA
:1006080064006D00002901DB854201D32D1A3443B3
:10061800013B002BF3D16B1E9D412C43B3E7012313
:100628001B1A1B2B00DD6DE721009E37D940BC400B
:100638000B00611E8C412343590704D00F21194038
:10064800042900D00433590113D49B0100205C0A0B
:100658005AE71A2301242D1AD0E7981E434258411D
:10066800404232000024C0B24EE74246FF20002438
:100678004AE70120002447E7C082000800830008F9
:10068800FFFFFFF770B542004E024C0045026D0AAD
:10069800120EC30F760A240EC90FFF2A10D0FF2CA2
:1006A8000CD00120A2420AD1B54208D18B420FD00A
:1006B800002A04D12800431E984100E0012070BDA3
:1006C8000120FF2CFBD13543F9D14B401800F6E748
:1006D8000020F4E730B5420044024D02C30F480041
:1006E800640A120E6D0A000EC90FFF2A18D0FF28DF
:1006F8000AD0002A1ED100280AD1002D29D0002CAA
:100708002DD14800013830BD002D25D1002A01D156
:10071800002CF6D08B4219D001205B421843F2E737
:10072800002C19D1FF28F7D1002D15D100208B42BC
:10073800F2D1E8E70028EFD08B42EDD18242EBDC22
:1007480004DBAC42E8D80020AC42DCD258000138C7
:10075800D9E7002CD7D0DFE702204042D3E78B420D
:10076800DAD1EEE730B5420044024D02C30F48002B
:10077800640A120E6D0A000EC90FFF2A17D0FF284F
:100788000AD0002A1BD100280AD1002D1DD0002C28
:100798002DD14800013811E0002D0ED1002A01D1D9
:1007A800002CF6D08B420CD15800013806E0002C02
:1007B80003D1FF2805D1002D15D0022030BD002817
:1007C80006D101205B421843F8E7002CF6D0F8E781
:1007D8008B42F6D18242F4DCE6DBAC42F1D8002051
:1007E800AC42EBD2E0E700208B42EAD1E6E78B424D
:1007F800E7D1F2E7F0B54F464646D6464400C0B5C5
:1008080046020F1C760A240EC50F002C00D1DAE030
:10081800FF2C74D08023F600DB041E430023994686
:100828009A467F3C7B025B0A98467B001B0EFF0FB3
:10083800002B74D0FF2B00D18EE042468021D200DD
:10084800C90411437F3B2A00E4184B467A40884686
:10085800D2B20A2B75DC4B460020022B0FDD49462D
:1008680001238B40A621C9000B4269D19021890040
:100878000B4200D000E18821194200D0F5E0414642
:100888000904090C43460800350C36041B0C360CC9
:10089800704369435E435D437618030C9B19994284
:1008A80003D9802149028C46654400041904000CD0
:1008B80009188E01701E86411B0C890E5B190E43A8
:1008C8009B011E431B016CD423007F33002B00DCEB
:1008D800B1E0150071070BD00F202100304004282B
:1008E80006D00436320103D56E4B1E400B00803310
:1008F800FE2B00DDBDE0B201520ADBB248E0002E5B
:1009080000D092E008239946063B9A467B025B0A90
:1009180098467B00FF241B0EFF0F002B8AD142460E
:10092800002A64D149460132114389460A2908DC64
:100938007D400120EAB2022991DC1500002227E05F
:1009480015005346022B00D193E0032B1AD0012B3C
:100958002CD1002300221BE04346FF34002B55D046
:1009680003214B460B4319000A2B00DC92E00F2BA6
:1009780000D08CE08022D203164203D043461342B3
:1009880000D17DE08022D20332435202520AFF2373
:10099800D805ED0710432843E0BCBA46B146A8463F
:1009A800F0BD0123150071081E400E43230080335B
:1009B800611C002B41DD720794D00F223240042ABB
:1009C80000D08EE78EE7002E05D104239946033B1D
:1009D80000249A4626E7300000F080FB7624431F67
:1009E8009E400023644299469A46241A1AE74046D4
:1009F80000F074FB4B46241A763C0A2BA1DC4346D4
:100A0800053883407D409846EAB224E74A460233D7
:100A180013432A007A40D2B20A2B92DC49461500C9
:100A2800002926D09946022019E70C239946093B4C
:100A3800FF249A46F6E6150021000122D31A1B2B43
:100A480000DD86E79E3132008E40DA40731E9E41FB
:100A58003243530704D00F231340042B00D0043231
:100A6800530110D50123002292E73D0046468246F5
:100A780067E7FF2300228BE780220025D20386E761
:100A88003D001A4383E792010023520A80E73D00A4
:100A9800464677E72A0001237A408B400320D2B2EA
:100AA800E9E6C046FFFFFFF7F8B54746CE464302E2
:100AB80080B55F0A9B0945004A009C464B02C40F5B
:100AC800CE0F2D0E580A120E9909FF2A6BD001235A
:100AD8005E40AB1AB4424BD0002B00DCFFE0002A8A
:100AE80000D188E0FF2D00D1EFE08022D20411432D
:100AF80001201B2B08DC08002022D840D31A99407B
:100B08000B005A1E9341184363461B1A9C466346C2
:100B18005B0100D4CDE063469F01BF09380000F0B7
:100B2800DDFA3B0005388340854200DCA2E0B74A85
:100B38002D1A1A4094465A0700D1C3E00F221340D9
:100B4800042B00D1BEE004239846C44463465B01ED
:100B580000D4B7E0681CFE2D00D0A5E0FF200022DD
:100B6800C0051043E4072043C0BCB946B046F8BDF1
:100B7800002B00DCEBE1002A46D0FF2D00D1A4E0D9
:100B88008022D20411431B2B00DCFBE0052398468E
:100B98002B00C4446246D708FF2B00D195E07A02A7
:100BA800520AD8B2DCE72B00FF3B9946002918D13E
:100BB80001235E40B44200D1CAE04B46002B2DD041
:100BC800002D00D03CE1FF236446002C00D15FE1FA
:100BD8005D1E012B00D174E13400FF2B74D02B0073
:100BE80003E1B44200D19CE0002B17D0002DEAD0DD
:100BF800070034006CE00029CCD05A1E012B2BD002
:100C0800FF2B62D0130073E70029C3D05A1E012BB3
:100C180000D11EE1FF2B58D01300B4E7FE226B1C55
:100C28001A420DD1002D60D06346002B00D020E180
:100C3800002900D028E180220024FF20D2038FE77A
:100C480063465F1A7B0100D5FEE0002F00D065E700
:100C580000240020002283E76346591A4B0100D480
:100C680019E18F01BF09380000F038FA3B00053858
:100C7800834001252022401B0130121A190093409D
:100C8800C1405A1E934119438C460B1EE1D05B07A5
:100C980000D152E10F2300250B40042B00D052E76E
:100CA80001204A0100D492E0C0B263469A01520A78
:100CB80056E763465B0705D00F2362461340042BB3
:100CC80000D040E72B0065E70700002F00D145E77B
:100CD8008022D2033A435202FF20520A40E7002BF7
:100CE80079D1FE226B1C1A42AAD16346002B00D18F
:100CF800F5E0002900D1D1E05F1A8023DB041F4210
:100D080000D10EE1624601248A1A9446002034403C
:100D1800002A00D124E701201A42C6D10023D708AF
:100D28003DE7002B17D0002D00D0AFE0FF2365462C
:100D3800002D00D1ADE05E1E012B00D189E0FF2B14
:100D4800C2D01B2E00DCABE04B1D9C46130021E7F4
:100D58004B46002B70D1FE226B1C1A425ED1002D2F
:100D680000D0C3E06346002B00D1D0E0002900D1B9
:100D780094E00A006244530100D4D8E092010120B3
:100D8800520AEDE608002022D840D31A99400B00F9
:100D98005A1E934103439C4463465B0189D5013540
:100DA800FF2D00D1DAE662460123194913405208A3
:100DB8000A401A43130094465B0704D00F231340DC
:100DC800042B00D0BFE663465B0100D5C2E663464C
:100DD800DF082B00E3E6531B002D00D1F4E680204A
:100DE8006446C0040443A446340001201B2B09DCDC
:100DF80020256046D840EB1A65469D402B005D1EB5
:100E0800AB4118430B1A9C46150080E6FFFFFFFB19
:100E1800FFFFFF7DFE226B1C1342A3D0FF2B00D1E6
:100E28009CE6614449084A0749D00F220A40042A2F
:100E380045D00A1D9446ADE6002D00D176E78DE633
:100E48003400FF2000228BE663460124CF1A344089
:100E580064E661444B016DD54808444901404307A5
:100E68002CD00F230340042B28D00B1D9C460223B3
:100E780090E6002900D12BE78023DB039F4200D2B4
:100E880026E7984200D323E70124344007001FE7F0
:100E980034008C467EE60123CF0880E600237EE6F8
:100EA80020206546801B854063462800F340451E88
:100EB800A84103439C4615008C446DE70223CF08E4
:100EC8006DE60F1B7B0128D5BF01BF09380000F074
:100ED80005F93B000538834034000125CAE600299E
:100EE80000D1B5E601240700344058E66346002BDC
:100EF80000D1E9E6002900D1EAE68023DB039F421E
:100F080000D2E5E6984200D3E2E60700E0E60029D1
:100F180000D19EE60023CF0841E634000123FF08F4
:100F28003DE6002F00D193E60023FF0837E60023B3
:100F3800D70834E60123CF0831E680220B00D2041B
:100F480001201340114200D0AEE6CF0827E6002B5F
:100F580000D15FE7561B002D01D13300E7E680235F
:100F68006046DB0418438446EBE6C046FFFFFF7D7E
:100F780041024200C30F490A0020120E7E2A03DDF7
:100F88009D2A02DD094A9818704780200004014311
:100F9800952A07DC9620821AD1404842002BF3D1CB
:100FA8000800F1E7963A9140F7E7C046FFFFFF7F58
:100FB80070B5002812D0C317C5185D40C40F2800AB
:100FC80000F08CF89E231B1A962B0FDC082838D0CB
:100FD800083885406D026D0AD8B202E0002400206E
:100FE8000025C0052843E407204370BD992B14DC75
:100FF800421F95402A001549114055071CD00F255E
:101008002A40042A18D00431CA08490115D59F235B
:101018005202181A550AC0B2E3E705222900121A2B
:10102800D14002001B3295402A00551EAA410A43AE
:10103800064911405507E2D1CA085202550AD8B2EA
:10104800CFE76D026D0A8E30CBE7C046FFFFFFFB8E
:1010580010B5041E0DD000F041F89E231B1A962BE4
:101068000CDC082834D0083884406402640AD8B2FA
:1010780001E000200024C005204310BD992B13DC9B
:10108800421F9440144A224061071CD00F2121407E
:10109800042918D00432D408520115D59F236402BC
:1010A800181A640AC0B2E6E7020021001B32914018
:1010B8000A00511E8A410521091ACC401443064AE8
:1010C80022406107E2D1D4086402640AD8B2D2E7A8
:1010D8006402640A8E30CEE7FFFFFFFB1C21012368
:1010E8001B04984201D3000C10391B0A984201D303
:1010F800000A08391B09984201D30009043902A2E1
:10110800105C40187047C046040302020101010147
:10111800000000000000000080B584B000AF7860D7
:1011280039607B685B69FB60FB683A6813401A04A6
:10113800FB68DB4339680B401A437B689A61C046F9
:10114800BD4604B080BD000080B584B000AF012169
:10115800012001F00DFB0023FB6013E0BE4BDB8890
:101168001BB21900BD4A0B009B005B185B00D2182C
:10117800FB68D3181B780121180001F0A3FBFB685A
:101188000133FB60FB68072BE8DDB54B180001F065
:101198004DFCB14BDB881BB2092B37D1AE4BDB883A
:1011A8001BB21A00AF4B5200D35A9BB21800FFF77C
:1011B800FFFEA94BDB881BB21A00AB4B9200D35839
:1011C800191CFFF717FB031C191CA848FFF744F963
:1011D800031C7B60A6497868FFF72AF9031E0CD028
:1011E800A4497868FFF710F9031E06D07B6802222D
:1011F8000321181C01F0FDFACFE000237B607B6817
:1012080002220321181C01F0F4FAC6E0924BDB8895
:101218001BB2062B3CD1904BDB881BB21A00914BBA
:101228005200D35A9AB2944B1B889BB29A420CD361
:10123800894BDB881BB21A008A4B5200D35A9AB2E8
:101248008E4B1B889BB29A4206D9002302220321A7
:10125800181C01F0CEFAA0E07F4BDB881BB21A0005
:10126800804B5200D35A9BB21800FFF7A1FE7A4B6D
:10127800DB881BB21A007C4B9200D358191CFFF76D
:10128800B9FA031C02220321181C01F0B2FA84E007
:10129800714BDB881BB2072B2FD16F4BDB881BB23E
:1012A8001A00704B5200D35A9AB2754B1B889BB2E6
:1012B8009A4206D9002302220321181C01F099FA48
:1012C8006BE0654BDB881BB21A00664B5200D35AA1
:1012D8009BB21800FFF76CFE5F4BDB881BB21A004D
:1012E800614B9200D358191CFFF784FA031C0222A1
:1012F8000321181C01F07DFA4FE0574BDB881BB225
:101308000A2B2FD1544BDB881BB21A00554B5200C5
:10131800D35A9AB25B4B1B889BB29A4206D90023D8
:1013280002220321181C01F064FA36E04A4BDB88DC
:101338001BB21A004B4B5200D35A9BB21800FFF74E
:1013480037FE454BDB881BB21A00474B9200D35837
:10135800191CFFF74FFA031C02220321181C01F085
:1013680048FA1AE03C4BDB881BB21A003D4B52008E
:10137800D35A9BB21800FFF71BFE374BDB881BB212
:101388001A00394B9200D358191CFFF733FA031C83
:1013980002220321181C01F02CFA0121022001F07D
:1013A800E7F90023BB6013E02B4BDB881BB25A1C08
:1013B8002A4913009B009B185B00CA18BB68D31806
:1013C8001B780121180001F07DFABB680133BB606E
:1013D800BB68072BE8DD224B180001F027FB1E4BEA
:1013E800DB881BB2082B53D11B4BDB881BB25A1C62
:1013F8001C4B5200D35A9BB21800FFF7D9FD164B6D
:10140800DB881BB25A1C184B9200D358191CFFF7E3
:10141800F1F9031C191C1548FFF71EF8031C3B6063
:1014280019493868FFF704F8031E0CD017493868C3
:10143800FEF7EAFF031E06D03B6802220321181CB0
:1014480001F0D7F9ECE000233B603B68022203215E
:10145800181C01F0CEF9E3E0B00400203C8300083A
:101468001081000800030020A80200200024F4498D
:101478000000304200006042860200208202002004
:101488006C0200206E0200200000344200005C4222
:10149800654BDB881BB2052B3CD1634BDB881BB249
:1014A8005A1C624B5200D35A9AB2614B1B889BB2AA
:1014B8009A420CD35C4BDB881BB25A1C5B4B520024
:1014C800D35A9AB25B4B1B889BB29A4206D9002327
:1014D80002220321181C01F08CF9A1E0524BDB8891
:1014E8001BB25A1C514B5200D35A9BB21800FFF73B
:1014F8005FFD4D4BDB881BB25A1C4F4B9200D358F3
:10150800191CFFF777F9031C02220321181C01F0AC
:1015180070F985E0444BDB881BB2062B2FD1424B78
:10152800DB881BB25A1C414B5200D35A9AB2434B28
:101538001B889BB29A4206D9002302220321181C59
:1015480001F057F96CE0384BDB881BB25A1C374B5B
:101558005200D35A9BB21800FFF72AFD324BDB88A2
:101568001BB25A1C344B9200D358191CFFF742F98E
:10157800031C02220321181C01F03BF950E02A4BFE
:10158800DB881BB2092B2FD1274BDB881BB25A1CD7
:10159800264B5200D35A9AB2294B1B889BB29A42C7
:1015A80006D9002302220321181C01F022F937E092
:1015B8001D4BDB881BB25A1C1C4B5200D35A9BB2E2
:1015C8001800FFF7F5FC184BDB881BB25A1C1A4BA6
:1015D8009200D358191CFFF70DF9031C02220321AE
:1015E800181C01F006F91BE00F4BDB881BB25A1CD4
:1015F8000E4B5200D35A9BB21800FFF7D9FC0A4B86
:10160800DB881BB25A1C0C4B9200D358191CFFF7ED
:10161800F1F8031C02220321181C01F0EAF8FFE785
:10162800C046BD4604B080BDB004002000030020C1
:101638008602002082020020A80200206C020020FE
:101648006E02002080B500AF0121012001F090F862
:10165800054B180001F0EAF9FA239B00180001F085
:1016680057F8C046BD4680BD1481000880B582B0D9
:1016780000AF0121012001F07BF800237B6013E01B
:101688000D4B1B891BB219000C4A0B009B005B1801
:101698009B00D2187B68D3181B780121180001F031
:1016A80011F97B6801337B607B68072BE8DDC04656
:1016B800C046BD4602B080BDB004002018840008B2
:1016C80080B582B000AF0121012001F051F800235C
:1016D8007B600AE0094A7B68D3181B78012118004F
:1016E80001F0F0F87B6801337B607B68072BF1DD44
:1016F800C046C046BD4602B080BDC0467C840008D6
:1017080080B582B000AF0121012001F031F800233B
:101718007B6013E03A4B9B891BB21900394A0B00D6
:101728009B005B185B00D2187B68D3181B780121DB
:10173800180001F0C7F87B6801337B607B68072BD2
:10174800E8DD314B180001F071F92D4B9B891BB274
:101758001A002E4B5200D35A9BB21800FFF728FCF0
:10176800274B9B891BB21A00294B9200D358191C8E
:10177800FFF740F8031C02220321181C01F039F876
:101788000121022000F0F4FF00233B6012E01C4B13
:101798009B891BB219001F4A0B001B015B1AD21848
:1017A8003B68D3181B780121180001F08BF83B68BF
:1017B80001333B603B68072BE9DD134B180001F050
:1017C80035F90F4B9B891BB21A00134B5200D35AA1
:1017D8009BB21800FFF7ECFB094B9B891BB21A0060
:1017E8000B4B9200D358191CFFF704F8031C022274
:1017F8000321181C00F0FDFFC046BD4602B080BDA5
:10180800B00400208884000810810008000000202F
:10181800E8880008008500081800002080B582B01C
:1018280000AF0121012000F0A3FF00237B6013E03B
:101838001E4BDB891BB219001D4A0B009B005B186D
:101848009B00D2187B68D3181B780121180001F07F
:1018580039F87B6801337B607B680E2BE8DD01215A
:10186800022000F085FF134B180001F0DFF80F4B42
:10187800DB891BB21A00104B5200D35A9BB21800D6
:10188800FFF796FB094BDB891BB21A000B4B920042
:10189800D358191CFEF7AEFF031C02220321181CA3
:1018A80000F0A7FFC046BD4602B080BDB0040020CE
:1018B800B4850008108100089C00002018890008E1
:1018C80080B500AF0121012000F052FF034B180042
:1018D80001F0ACF8C046BD4680BDC0462481000872
:1018E80080B500AF0121012000F042FF054B180030
:1018F80001F09CF8FA239B00180000F009FFC0468D
:10190800BD4680BD3081000880B500AF01210120AF
:1019180000F02EFF034B180001F088F8C046BD46C2
:1019280080BDC0463C81000880B500AF034B18005D
:1019380001F07CF8C046BD4680BDC0464C81000819
:1019480080B500AF054B180001F070F8FA23DB00F2
:10195800180000F0DDFEC046BD4680BD608100086D
:1019680080B582B000AF0121012000F001FF002303
:101978007B6013E0144B5B8A1BB21900134A0B00FF
:101988009B005B185B00D2187B68D3181B78012179
:10199800180000F097FF7B6801337B607B68072B9A
:1019A800E8DD0B4B180001F041F8074B5B8A1BB2CE
:1019B8001A00084B9B5C5BB20221180001F077F813
:1019C800C046BD4602B080BDB0040020BC890008F6
:1019D800708100088003002080B500AF012101203C
:1019E80000F0C6FE284B180001F020F8274B18001D
:1019F80001F01CF8264B9B785BB20221180001F01D
:101A080056F8244B180001F011F8214B5B785BB2B3
:101A18000221180001F04BF81E4B180001F006F8DF
:101A28001B4B1B785BB20221180001F040F8012122
:101A3800022000F09DFE184B180000F0F7FF134B32
:101A4800180000F0F3FF124BDB785BB2022118009C
:101A580001F02DF80F4B180000F0E8FF0C4B1B7934
:101A68005BB20221180001F022F80A4B180000F0BE
:101A7800DDFF074B5B795BB20221180001F017F814
:101A8800C046BD4680BDC046748100087C81000800
:101A980080030020808100088481000880B500AFA1
:101AA800244B1B68012B13D10121012000F060FE9B
:101AB800A023DB0540211800FFF72EFB1E4B180062
:101AC80000F0B4FFFA23DB00180000F021FE2EE03E
:101AD800184B5B68012B13D10121012000F048FE4F
:101AE800164B180000F0A2FFA023DB0540211800C8
:101AF800FFF712FBFA23DB00180000F009FE16E0DE
:101B08000C4B9B68012B12D10121012000F030FE03
:101B1800A023DB0540211800FFF7FEFA084B180048
:101B280000F084FFFA23DB00180000F0F1FDC04646
:101B3800BD4680BD140500208C810008A0810008E6
:101B4800B481000880B500AF154B00221A60144B11
:101B5800144A5A60124B144A9A60114B134ADA60BD
:101B68000F4B134A1A610E4B124A5A610C4B124A18
:101B78009A610B4B0D4ADA61094B00221A62084B35
:101B8800FE2292055A62064B0C4A9A62044B094A95
:101B9800DA62034BFE2292051A63C046BD4680BD39
:101BA800A8020020B81E853E9CA73A3E7F6ABC3C2E
:101BB8001AA88C3C0AD7233C46B6F33D26AA373CE4
:101BC80080B500AF1B4B1B68DB07DB0FDBB2012BBB
:101BD8002DD1184B1A7801218A431A70154B1A789F
:101BE80010218A431A70144B00229A80124B5022FB
:101BF800DA8000F031FB114B4F21180004F01CFF74
:101C080003001A000E4B1A700C4B1B78DBB2532BD7
:101C18000DD00A4B4F229B5CDAB2094B1B78DBB222
:101C28009A4204D0034B1A7810210A431A70C0460E
:101C3800BD4680BD8803002090030020A803002033
:101C48008C03002080B500AF0B4B1B689B07DB0F94
:101C5800DBB2012B0CD1084B1A7802218A431A7087
:101C6800064B00229A80054B5022DA8000F0E6FBF2
:101C7800C046BD4680BDC0468803002090030020B2
:101C880080B500AF0D4B1B685B07DB0FDBB2012B88
:101C980011D10A4B1A7804218A431A70074B1A7813
:101CA80010218A431A70064B80229A80044B8022A6
:101CB800DA8000F0D1FAC046BD4680BD8803002016
:101CC8009003002080B500AF0E4B1B681B07DB0F8D
:101CD800DBB2012B12D10B4B1A7808218A431A70F8
:101CE800094B5B78DBB210339BB2DB009AB2074B2F
:101CF8009A80064B0822DA8000F0A0FBC046BD4659
:101D080080BDC046880300208C030020900300207B
:101D180080B582B000AF786039607B685B68054A3F
:101D28001A403B681A437B685A60C046BD4602B0F9
:101D380080BDC046FFF7FFFF80B582B000AF786076
:101D48007B689B6901221340012B01D1012300E02C
:101D580000231800BD4602B080BD80B582B000AF38
:101D680078607B689B6902221340022B01D1012312
:101D780000E000231800BD4602B080BD80B582B0E7
:101D880000AF78607B689B6904221340042B01D163
:101D9800012300E000231800BD4602B080BD00000A
:101DA80080B582B000AF78607B685B68034A1A40F0
:101DB8007B685A60C046BD4602B080BDFFFFFFFD8C
:101DC80080B582B000AF786039607B685B68054A8F
:101DD8001A403B681B041A437B685A60C046BD46DC
:101DE80002B080BDFFFF00FF80B582B000AF786011
:101DF8007B685B688022D2011A437B685A60C046C0
:101E0800BD4602B080BD80B582B000AF7860396051
:101E18007B685B689B0A9A023B681A437B685A6036
:101E2800C046BD4602B080BD80B582B000AF7860C4
:101E38007B685B6ADBB21800BD4602B080BD80B526
:101E480082B000AF78600A00FB1C1A70FB1C1A787D
:101E58007B689A62C046BD4602B080BD80B582B03C
:101E680000AF78600A00FB1C1A70104B7A681A6180
:101E78000E4BFA1C12781A700C4B0D4A5A810B4BF8
:101E88005B899AB2094B1A81084B00221A73074BD7
:101E98000A225A73054B00229A73044B1B691800D7
:101EA800FFF77EFFC046BD4602B080BD900300200C
:101EB800E02E000090B585B000AF0200BB1D1A806F
:101EC8000F23FB1800221A706B4B5B899AB26A4B7E
:101ED8001A81C046684B1B899BB25A1E91B2664A4A
:101EE8001181002BF6D1BB1D1B889BB2DAB2624B65
:101EF8009A70BB1D1B889BB21B0A9BB2DAB25E4B61
:101F08005A705D4B1A695C4B1B78DBB219001000E4
:101F1800FFF779FF584B1B695A6858490A405A60BD
:101F2800554B1B6900211800FFF7F2FE524B1B6945
:101F380002211800FFF744FF4F4B1B695A688021A4
:101F480089010A435A604C4B00221A730CE04A4B31
:101F580001229A73484B1B7BDAB2474B5B7BDBB29F
:101F68009A4201D3FF2382E0434B1B691800FFF715
:101F7800E3FE0300012BEAD13F4B00229A733E4B4C
:101F880000221A733C4B1A693B4B5B78DBB2190091
:101F98001000FFF754FF384B00221A730CE0364B41
:101FA80001229A73344B1B7BDAB2334B5B7BDBB277
:101FB8009A4201D3FF235AE02F4B1B691800FFF701
:101FC800BBFE0300012BEAD12B4B00229A732A4B4C
:101FD80000221A73284B1A69274B9B78DBB2190029
:101FE8001000FFF72CFF244B1B695A688021C90099
:101FF8000A435A60204B1B6901211800FFF7E0FED5
:102008001D4B1B695A68802189010A435A601A4B83
:1020180000221A730CE0184B01229A73164B1B7B93
:10202800DAB2154B5B7BDBB29A4201D3FF231EE089
:10203800114B1B691800FFF7A1FE031EEBD00E4BD6
:1020480000229A730C4B00221A730B4B1B69180061
:10205800FFF7EAFE03001A000F243B191A70064B1B
:102068001B691800FFF7C0FE3B191B78DBB218008C
:10207800BD4605B090BDC04690030020FFFBFFFFA2
:1020880080B582B000AF0200BB1D1A807B1D0A1C00
:102098001A706F4B5B899AB26D4B1A81C0466C4BB4
:1020A8001B899BB25A1E91B2694A1181002BF6D145
:1020B800BB1D1B889BB2DAB2654B9A70BB1D1B888F
:1020C8009BB21B0A9BB2DAB2614B5A70604B1A6919
:1020D8005F4B1B78DBB219001000FFF794FE5C4BD6
:1020E8001B695A685B490A405A60594B1B690021B1
:1020F8001800FFF70DFE564B1B6903211800FFF768
:102108005FFE534B1B695A68802189010A435A6054
:102118004F4B00221A730AE04D4B01229A734C4B25
:102128001B7BDAB24A4B5B7BDBB29A4208D2484B44
:102138001B691800FFF711FE0300012BECD100E02A
:10214800C046434B00229A73414B00221A73404BFE
:102158001A693F4B5B78DBB219001000FFF76FFE7E
:102168003B4B00221A730AE0394B01229A73384B11
:102178001B7BDAB2364B5B7BDBB29A4208D2344B1C
:102188001B691800FFF7E9FD0300012BECD100E003
:10219800C0462F4B00229A732D4B00221A732C4BEA
:1021A8001A692B4B9B78DBB219001000FFF747FE2A
:1021B800274B00221A730AE0254B01229A73244BFD
:1021C8001B7BDAB2224B5B7BDBB29A4208D2204BF4
:1021D8001B691800FFF7C1FD0300012BECD100E0DB
:1021E800C0461B4B00229A73194B00221A73184BD6
:1021F8001A697B1D1B78DBB219001000FFF71FFE60
:10220800134B00221A730AE0114B01229A73104BE8
:102218001B7BDAB20E4B5B7BDBB29A4208D20C4BCB
:102228001B691800FFF788FD0300012BECD100E0C3
:10223800C046074B00229A73054B00221A73044BC1
:102248001B691800FFF7D0FDC046BD4602B080BD2F
:1022580090030020FFFBFFFF90B583B000AF744BE5
:102268005B899AB2724B1A81C046714B1B899BB22B
:102278005A1E91B26E4A1181002BF6D16C4B9B8885
:102288009BB2DAB26A4B9A70694B9B889BB21B0A65
:102298009BB2DAB2664B5A70654B1A69644B1B786D
:1022A800DBB219001000FFF7AEFD614B1B695A68DD
:1022B80060490A405A605E4B1B6900211800FFF70D
:1022C80027FD5B4B1B6902211800FFF779FD584B6E
:1022D8001B695A68802189010A435A60544B0022BD
:1022E8001A730AE0524B01229A73514B1B7BDAB2E4
:1022F8004F4B5B7BDBB29A4208D24D4B1B691800EF
:10230800FFF71AFD0300012BECD100E0C046484B53
:1023180000229A73464B00221A73454B1A69444BA4
:102328005B78DBB219001000FFF789FD404B0022F3
:102338001A730AE03E4B01229A733D4B1B7BDAB2BB
:102348003B4B5B7BDBB29A4208D2394B1B691800C6
:10235800FFF7F2FC0300012BECD100E0C046344B40
:1023680000229A73324B00221A73314B1A69304B90
:102378009B78DBB219001000FFF761FD2C4B1B693D
:102388005A688021C9000A435A60294B1A69284BA8
:10239800DB889BB219001000FFF712FD244B1B6964
:1023A8005A68802189010A435A60BB1D00221A809D
:1023B8002DE01F4B00221A730AE01D4B01229A736D
:1023C8001B4B1B7BDAB21A4B5B7BDBB29A4207D200
:1023D800174B1B691800FFF7D1FC031EEDD000E076
:1023E800C046134B00229A73114B00221A73104BEC
:1023F8001A69BB1D1C881000FFF716FD03001A00A0
:102408000D4B1A55BB1D1A88BB1D01321A80084B8B
:10241800DB889BB2BA1D12889A42CAD3044B1B6947
:102428001800FFF7E1FCC046BD4603B090BDC046AA
:1024380090030020FFFBFFFFA803002080B584B0B5
:1024480000AF0E23FB1800221A70A24B9B889AB289
:102458000C23FB181A809F4BDB889AB20A23FB18BF
:102468001A800823FB1800221A80BB1D00221A803C
:1024780024E10C217B181B889BB2DB099BB201333A
:102488009BB2DB019AB208203B181A803B181B88C4
:102498009BB2DAB27B181B889BB2DBB2D31ADAB2D2
:1024A8000E217B181A707B181B78DBB21A000A20E1
:1024B8003B181B889BB29A4205D93B181B889BB2D4
:1024C800DAB27B181A700E23FB181B78DAB20A21CD
:1024D8007B181B889BB29B1A9AB27B181A807D4B7B
:1024E8005B899AB27B4B1A81C0467A4B1B899BB297
:1024F8005A1E91B2774A1181002BF6D10C217B1814
:102508001B889BB2DAB2734B9A707B181B889BB2FC
:102518001B0A9BB2DAB26F4B5A706E4B1A696D4B3D
:102528001B78DBB219001000FFF76DFC694B1B69C3
:102538005A6869490A405A60664B1B6900211800AD
:10254800FFF7E6FB634B1A690E23FB181B78DBB217
:10255800023319001000FFF733FC5E4B1B695A6801
:10256800802189010A435A605A4B00221A730AE0F3
:10257800584B01229A73574B1B7BDAB2554B5B7B46
:10258800DBB29A4208D2534B1B691800FFF7E5FBF0
:102598000300012BECD100E0C0464E4B00229A7399
:1025A8004C4B00221A734B4B1A694A4B5B78DBB2CF
:1025B80019001000FFF743FC464B00221A730AE08B
:1025C800444B01229A73434B1B7BDAB2414B5B7B32
:1025D800DBB29A4208D23F4B1B691800FFF7BDFBDC
:1025E8000300012BECD100E0C0463A4B00229A735D
:1025F800384B00221A73374B1A69364B9B78DBB27B
:1026080019001000FFF71BFC0F23FB1800221A709B
:102618002AE0304B00221A7302E02E4B01229A73F3
:102628002C4B1B691800FFF787FB0300012BF4D123
:10263800284B00229A73274B00221A73254B1869DE
:10264800BB1D1B889BB25A1C91B2BA1D11801A007F
:10265800224B9B5CDBB21900FFF7F1FB0F217B18C3
:102668001A787B1801321A700E23FB181B78DBB21C
:102678000F22BA1812789A42CBD3164B00221A733B
:1026880002E0144B01229A73124B1B691800FFF7E2
:1026980053FB0300012BF4D10E4B00229A730D4B10
:1026A80000221A730B4B1B691800FFF79DFB0823C8
:1026B800FB181B889AB20C23FB181A800A23FB18F4
:1026C8001B889BB2002B00D0D3E6C046C046BD464F
:1026D80004B080BD90030020FFFBFFFFF000002046
:1026E80080B582B000AF786039607B683A689A61DB
:1026F800C046BD4602B080BD80B582B000AF7860EC
:1027080039607B683A689A62C046BD4602B080BDAF
:1027180080B582B000AF7860064B7A681A60C04610
:10272800044B1B68002BFBD1C046C046BD4602B017
:1027380080BDC046A804002080B500AF054B1B68CB
:10274800002B04D0034B1B685A1E024B1A60C0466C
:10275800BD4680BDA804002080B500AF002101203F
:1027680000F0B0F80220FFF7D3FFC046BD4680BD99
:1027780080B582B000AF0200FB1D1A70BB1D0A1C99
:102788001A70BB1D1A78BB1D013A1A70FB1D1B7805
:10279800012B02D0022B0ED01BE0BB1DBA1D1278F4
:1027A800802149420A431A70BB1D1B78002118007A
:1027B80000F088F80DE0BB1DBA1D1278402149428F
:1027C8000A431A70BB1D1B780021180000F07AF824
:1027D800C046C046BD4602B080BD80B500AF0021EE
:1027E8000C2000F06FF80220FFF792FFC046BD46AC
:1027F80080BD90B587B000AF786008001100FB1C61
:10280800021C1A70BB1C0A1C1A7001237B6100236E
:102818003B6108E07A6913009B009B185B007B61B1
:102828003B6901333B61BB1C1B783A699A42F1DB77
:1028380000217868FDF7E8FD031E09D001212D204D
:1028480000F040F87B688022120653407B6003E06A
:102858000121202000F036F87868FEF789FB030094
:10286800FB60FB1C00229A56FB681100180000F060
:102878001EF901212E2000F025F8F868FEF798FBD4
:10288800031C191C7868FEF70FF9031C1C1C7869D7
:10289800FEF7DEFB031C191C201CFDF7ABFF031C15
:1028A800181CFEF765FB0300FB60BB1C00229A5650
:1028B800FB681100180000F0FAF8C046BD4607B0E2
:1028C80090BD000080B584B000AF0200FB1D1A70F7
:1028D800BB1D0A1C1A70FB1D1B781B09DAB20E23DC
:1028E800FB181A80FB1D1B789AB20C23FB180F21CA
:1028F8000A401A80BB1D1B78002B05D11E4B0221F4
:102908001800FFF7F9FE04E01B4B02211800FFF73F
:10291800E7FE0220FFF7FCFE174B04211800FFF723
:10292800DFFE0E23FB181B88180000F02FF9022089
:10293800FFF7EEFE104B04211800FFF7DDFE022022
:10294800FFF7E6FE0C4B04211800FFF7C9FE0C2325
:10295800FB181B88180000F019F90220FFF7D8FEB1
:10296800054B04211800FFF7C7FE0A20FFF7D0FE29
:10297800C046BD4604B080BD000C005090B585B07F
:1029880000AF0200FB1D1A701E20FFF7C1FE254B89
:1029980004211800FFF7A4FE224B02211800FFF7BC
:1029A800ABFE00213320FFF78DFF0420FFF7B0FEB8
:1029B80000213220FFF786FF0420FFF7A9FE00213F
:1029C8002820FFF77FFF00210C20FFF77BFF002165
:1029D8000620FFF777FFC820FFF79AFEFFF7BCFE37
:1029E80000214020FFF76EFF0F23FB1800221A700A
:1029F8000DE00F243B191B780B4AD35C012118000A
:102A0800FFF760FF3B191A783B1901321A700F2340
:102A1800FB181B783F2BECD9C046C046BD4605B015
:102A280090BDC046000C00501C02002080B584B048
:102A380000AF786032E07B681B78252B25D17B6856
:102A480001337B607B681B78303BDAB20F217B183F
:102A58001A700A00BB181B787F2B0BD8BB181B7881
:102A68005BB2072B06DCBB181B7801211800FFF7A7
:102A780029FF10E001212520FFF724FF7B681B7840
:102A880001211800FFF71EFF05E07B681B78012174
:102A98001800FFF717FF7B6801337B607B681B78A2
:102AA800002BC8D1C046C046BD4604B080BD80B525
:102AB80086B000AF78600A00FB1C1A700823FB1868
:102AC800180005231A00002105F0E6FA04237B61AB
:102AD80000233B617B68002B02DA7B685B427B60EA
:102AE8007B68002B20D1FB1C1B785BB2002B1BDC06
:102AF80001213020FFF7E6FE44E07B680A21180038
:102B0800FDF76AFC0B00D9B20823FA187B69D318C1
:102B18000A1C1A707B680A211800FDF777FB03006E
:102B28007B607B69013B7B617B68002BE5D1FB1CEB
:102B38001B785BB201330BD102E03B6901333B6187
:102B48000823FA183B69D3181B78002BF5D005E049
:102B5800FB1C1B785BB20522D31A3B613B697B6186
:102B68000DE00823FA187B69D3181B783033DBB2E1
:102B780001211800FFF7A6FE7B6901337B617B69A1
:102B8800042BEEDDBD4606B080BD000080B582B0E6
:102B980000AF0200BB1D1A80BB1D1B880122134019
:102BA80006D0234B5A69224B08210A435A6105E093
:102BB8001F4B5A691E4B08218A435A61BB1D1B884B
:102BC8000222134006D01B4B5A691A4B08210A43AC
:102BD8005A6105E0174B5A69164B08218A435A6116
:102BE800BB1D1B880422134006D0124B5A69114B97
:102BF80010210A435A6105E00E4B5A690D4B10210A
:102C08008A435A61BB1D1B880822134006D0094B12
:102C18005A69084B20210A435A6105E0054B5A6955
:102C2800044B20218A435A61C046BD4602B080BD8C
:102C3800000C00500004005080B500AF1F4B1B78FB
:102C4800102B34D89A001E4BD3181B689F4600F0EF
:102C580039F830E003F06EF92DE000F0B9F82AE019
:102C680000F086F927E000F0BDF924E000F078FADA
:102C780021E000F007FB1EE003F006FA1BE000F07D
:102C8800B7FB18E000F052FC15E000F0C3FC12E0BE
:102C980000F0F8FC0FE000F079FD0CE000F0AEFD6C
:102CA80009E000F0EBFE06E000F046FF03E0034B0E
:102CB80000221A70C046C046BD4680BDAC04002044
:102CC800F889000880B500AF3C4B5B68DB07DB0F79
:102CD800DBB2012B09D1394B0122DA80FFF73CFD29
:102CE800364B1A7901218A431A71344B5B68DB072A
:102CF800DB0FDBB2002B5DD1314B1B68DB03DB0F35
:102D0800DBB2012B1FD12D4BDB881BB29BB20133E9
:102D18009BB21AB2294BDA80284BDB881BB21A0007
:102D2800264B9B8A9BB29A4207DD264B0E221A70CD
:102D3800224B1A7901210A431A71214B9A780121F1
:102D48008A439A7034E0204B1B68DB03DB0FDBB24D
:102D5800012B19D1194BDB881BB29BB2013B9BB2EB
:102D68001AB2164BDA80154BDB881BB2002B05DC38
:102D7800124B9B8A9BB21AB2104BDA80124B9A788C
:102D880001218A439A7013E0104B1B68DB03DB0FA9
:102D9800DBB2012B0CD10B4B03221A70074B1A79AB
:102DA80001210A431A71094B9A7801218A439A70C2
:102DB800FEF7CAF9C046BD4680BDC046B004002033
:102DC800FC040020AC040020000500200C050020B5
:102DD80080B500AF604B5B68DB07DB0FDBB2012B14
:102DE80009D1FFF7B9FC5C4B00221A815A4B1A79BA
:102DF80001218A431A71584B5B68DB07DB0FDBB292
:102E0800002B00D0A5E0554B1B68DB03DB0FDBB2C2
:102E1800012B1AD1504B1B891BB29BB201339BB2B9
:102E28001AB24D4B1A814C4B1B891BB21A004A4BE4
:102E3800DB8A9BB29A4202DD474B00221A81474B3C
:102E48009A7801218A439A7081E0454B1B68DB031D
:102E5800DB0FDBB2012B19D13F4B1B891BB29BB295
:102E6800013B9BB21AB23C4B1A813B4B1B891BB2EC
:102E7800002B05DA384BDB8A9BB21AB2364B1A8123
:102E8800374B9A7801218A439A7060E0354B1B686A
:102E98009B03DB0FDBB2012B45D12F4B1B891BB2E8
:102EA800002B08D1304B04221A702B4B1A790121C0
:102EB8000A431A7131E0284B1B891BB2012B08D138
:102EC800294B06221A70244B1A7901210A431A71D8
:102ED80023E0214B1B891BB2022B08D1224B0A226B
:102EE8001A701D4B1A7901210A431A7115E01A4B01
:102EF8001B891BB2032B08D11B4B0D221A70164BD2
:102F08001A7901210A431A7107E0174B0F221A7028
:102F1800114B1A7901210A431A71124B9A7802212E
:102F28008A439A7013E0114B1B68DB03DB0FDBB29B
:102F3800012B0CD10C4B00221A70074B1A79012176
:102F48000A431A71094B9A7801218A439A70FEF74D
:102F58008DFBC046BD4680BDB0040020FC040020A7
:102F68000005002008050020AC0400200C05002006
:102F780080B500AF184B5B68DB07DB0FDBB2012BBA
:102F880009D1FFF7E9FB144B00225A81124B1A7939
:102F980001218A431A71104B5B68DB07DB0FDBB238
:102FA800002B15D10D4B1B68DB03DB0FDBB2012BAC
:102FB8000CD10B4B02221A70084B9A7801218A43D4
:102FC8009A70054B1A7901210A431A71FEF778FBAA
:102FD800C046BD4680BDC046B00400200C05002098
:102FE800AC04002080B500AF544B5B68DB07DB0FF7
:102FF800DBB2012B09D1FFF7AFFB504B01229A81BD
:103008004E4B1A7901218A431A714C4B5B68DB07D6
:10301800DB0FDBB2002B00D08DE0494B1B68DB03D4
:10302800DB0FDBB2012B15D1444B9B891BB21A0075
:10303800444B5200D35A9BB2404A928912B20A3387
:1030480099B2404B5200D1523D4B9A7801218A43A4
:103058009A705FE03C4B1B68DB03DB0FDBB2012B94
:1030680015D1364B9B891BB21A00364B5200D35AE6
:103078009BB2324A928912B20A3B99B2314B520042
:10308800D152314B9A7801218A439A7042E02F4BF2
:103098001B685B03DB0FDBB2012B05D12B4B9A7846
:1030A80004218A439A7035E0294B1B685B03DB0FC8
:1030B800DBB2012B1AD1214B9B891BB29BB2013386
:1030C8009BB21AB21D4B9A811C4B9B891BB21A00EA
:1030D8001A4B5B8B9BB29A4202DD184B01229A81F4
:1030E8001B4B9A7804218A439A7013E0194B1B688A
:1030F800DB03DB0FDBB2012B0CD1174B05221A7057
:103108000E4B1A7901210A431A71124B9A78012140
:103118008A439A70094B9B891BB21A00074B9B89FB
:103128001BB21800074B5200D35A99B20B4B4200FE
:10313800D152FEF7E5FAC046BD4680BDB004002076
:10314800FC040020180000200005002004050020D1
:10315800080500200C050020AC04002030000020E9
:1031680080B500AF244B5B68DB07DB0FDBB2002BBD
:1031780008D0FFF7F1FA03F06BF91F4B1A79012118
:103188008A431A711C4B5B68DB07DB0FDBB2002B31
:103198002ED11A4B1B685B07DB0FDBB2012B27D143
:1031A80000F034F803F0A2F9154B1800FFF73EFCC5
:1031B800124B1B681B07DB0FDBB2012B0DD1114B28
:1031C80000221A700D4B1A7808218A431A700A4B8C
:1031D8001A7901218A431A710AE00A4B10221A70DF
:1031E800054B1A7901210A431A71074B01229A608B
:1031F800C046BD4680BDC046B00400201005002072
:10320800B0820008AC0400201405002080B582B00C
:1032180000AF01237B6027E0174B7A685200D35A2E
:103228009BB2002B1DD0154B7A685200D35A9BB223
:103238001900134B7A685200D35A9BB24B433B6038
:103248000D4B7A685200D35A9BB219003868FCF7C4
:1032580053FF03003B603B6899B2084B7A68520001
:10326800D1527B6801337B607B680A2BD4DDC04672
:10327800C046BD4602B080BD0000002030000020DE
:103288001800002080B500AF504B5B68DB07DB0FF0
:10329800DBB2012B09D1FFF75FFA4C4B0122DA812F
:1032A8004A4B1A7901218A431A71484B5B68DB073C
:1032B800DB0FDBB2002B00D085E0454B1B68DB033E
:1032C800DB0FDBB2012B15D1404BDB891BB21A0097
:1032D800404B5200D35A9BB23C4AD28912B20233B5
:1032E80099B23C4B5200D152394B9A7801218A430A
:1032F8009A7057E0384B1B68DB03DB0FDBB2012BFE
:1033080015D1324BDB891BB21A00324B5200D35A0B
:103318009BB22E4AD28912B2023B99B22D4B52006F
:10332800D1522D4B9A7801218A439A703AE02B4B5F
:103338001B685B03DB0FDBB2012B1AD1234BDB8944
:103348001BB29BB201339BB21AB2204BDA811F4BDE
:10335800DB891BB21A001D4B9B8B9BB29A4202DD84
:103368001A4B0122DA811D4B9A7804218A439A70FC
:1033780018E01B4B1B68DB03DB0FDBB2012B11D101
:10338800184B08221A70184B1A7802210A431A702F
:103398000E4B1A7901210A431A71114B9A780121AF
:1033A8008A439A70094BDB891BB21A00074BDB89E9
:1033B8001BB21800074B5200D35A99B20B4B42006C
:1033C800D152FEF72BFAC046BD4680BDB00400209E
:1033D800FC0400209C0000200005002008050020B7
:1033E8000C050020AC040020880300202C030020DA
:1033F80080B584B000AF474B5B68DB07DB0FDBB2FF
:10340800012B06D1FFF7A8F9424B1A7901218A430B
:103418001A71404B5B68DB07DB0FDBB2002B00D077
:1034280074E0FEF74DFAFEF7CBFBFA239B00180079
:10343800FFF76EF9384B1B68DB06DB0FDBB2002B9E
:1034480053D1364B1B78DBB21A00354B1A80FB1D63
:1034580001221A700123FB6021E0304AFB68D3186F
:103468001B78DBB21AB2FB6801332C49CB5CDBB2A8
:103478001BB21B021BB2134319B2FB1D1B78DBB234
:103488001A0089B2264B5200D152FB1D1B78DBB2C1
:103498000133DAB2FB1D1A70FB680233FB60FB686C
:1034A8004D2BDADD1D4B4F229B5CDBB219001C4B08
:1034B800502299520023BB600BE0194BBA685200A6
:1034C800D35A99B2174BBA685200D152BB6801332C
:1034D800BB60BB68282BF0DD134B09221A700D4B1B
:1034E8001A7901210A431A7110E00B4B1B68DB069D
:1034F800DB0FDBB2012B09D10B4B06221A70054BEF
:103508001A7901210A431A71FFF726F9C046BD4608
:1035180004B080BDB004002088030020A803002068
:10352800480000209C000020AC04002080B582B038
:1035380000AF334B5B68DB07DB0FDBB2012B06D137
:10354800FFF70AF92E4B1A7901218A431A712C4B7D
:103558005B68DB07DB0FDBB2002B4DD1294B1B88E7
:103568009BB2DAB2284B1A70FB1C01221A70012395
:103578007B6023E0FB1C1B78DBB21A00214B520056
:10358800D35A9BB2D9B2204A7B68D3180A1C1A7046
:10359800FB1C1B78DBB21A001A4B5200D35A7B680B
:1035A8000133194A0021D154FB1C1B78DBB20133CB
:1035B800DAB2FB1C1A707B6802337B607B684E2B87
:1035C800D8DD114B4F21180003F036FA030019001B
:1035D8000D4B4F229954FEF735FBFEF795F90B4B2F
:1035E80007221A700A4B1A7801210A431A70044BF1
:1035F8001A7901210A431A71C046BD4602B080BD3E
:10360800B00400202C030020F0000020AC040020AF
:103618008803002080B500AF174B5B68DB07DB0F22
:10362800DBB2012B08D1FFF797F803F02BF8124B08
:103638001A7901218A431A710F4B5B68DB07DB0F8C
:10364800DBB2002B15D10D4B1B68DB06DB0FDBB2A1
:10365800012B0ED1FEF774F9094B00221A70074BA3
:103668001A7810218A431A70034B1A7901210A43E8
:103678001A71C046BD4680BDB00400201005002068
:10368800AC04002080B500AF3A4B5B68DB07DB0F6A
:10369800DBB2012B28D1FFF75FF86420FEF70AFCA4
:1036A80003001A00344B5A70334B5B78DBB21F2B84
:1036B80010D9324B1A7804210A431A70FEF7E0FA3F
:1036C8002D4B00225A702C4B5B78DBB2190064201A
:1036D800FEF7D6FC274B1A7901218A431A71274B2A
:1036E8001A7808210A431A70224B5B68DB07DB0F44
:1036F800DBB2002B3BD1224BDB785BB2DAB2214B39
:103708001A701F4B1B795BB2DAB21E4B5A701C4BF6
:103718005B795BB2DAB21B4B9A701A4B072118001F
:1037280003F08AF903001A00164BDA71FEF7CAFA99
:10373800124B1B681B07DB0FDBB2002B17D10E4B9C
:103748005B78DBB20133DAB20B4B5A700A4B5B7809
:10375800DBB219006420FEF793FCFEF7E5F80A4B8C
:103768000C221A70034B1A7901210A431A71C046B8
:10377800BD4680BDB00400208C03002088030020D3
:1037880080030020F0000020AC04002080B500AFCA
:10379800174B5B68DB07DB0FDBB2012B08D1FEF7A9
:1037A800DBFF134B1A7901218A431A7102F06AFF71
:1037B8000F4B5B68DB07DB0FDBB2002B15D10D4B22
:1037C8001B68DB06DB0FDBB2012B0ED1FEF7B8F866
:1037D800094B00221A70074B1A7810218A431A7075
:1037E800034B1A7901210A431A71C046BD4680BDB0
:1037F800B004002010050020AC04002080B500AF04
:10380800964B5B68DB07DB0FDBB2012B2FD1FEF792
:10381800A3FF01F0DBFE924B1B78DBB25AB2914B4F
:103828001A708F4B5B78DBB25AB28E4B5A708C4B46
:103838009B78DBB25AB28B4B9A70894B1B79DBB2FF
:103848005AB2884BDA70864B5B79DBB25AB2854B39
:103858001A71834BDB889BB25AB2824B5A717F4BE9
:1038680001225A827D4B1A7901218A431A717B4BB6
:103878005B68DB07DB0FDBB2002B00D0EBE07A4B99
:103888001B68DB03DB0FDBB2012B42D1734B5B8A76
:103898001BB21A00734B9B5C5BB2DBB20133D9B22B
:1038A8006E4B5B8A1BB21A0049B26E4B99546D4B32
:1038B8005B785BB23B2B03DD6A4B00225A7022E037
:1038C800684B9B785BB2172B03DD664B00229A701E
:1038D80019E0644BDB785BB21F2B03DD614B0122DF
:1038E800DA7010E05F4B1B795BB20C2B03DD5D4B8C
:1038F80001221A7107E05B4B5B795BB2632B02DD37
:10390800584B00225A71584B9A7801218A439A7071
:103918009FE0564B1B68DB03DB0FDBB2012B42D168
:103928004E4B5B8A1BB21A004E4B9B5C5BB2DBB200
:10393800013BD9B2494B5B8A1BB21A0049B2494BC9
:103948009954484B5B785BB2002B03DA454B3B221A
:103958005A7022E0434B9B785BB2002B03DA414B51
:1039680017229A7019E03F4BDB785BB2002B03DC1F
:103978003C4B1F22DA7010E03A4B1B795BB2002BEC
:1039880003DC384B0C221A7107E0364B5B795BB2CB
:10399800002B02DA334B63225A71344B9A78012197
:1039A8008A439A7055E0324B1B685B03DB0FDBB22E
:1039B800012B1AD1294B5B8A1BB29BB201339BB2F4
:1039C8001AB2264B5A82254B5B8A1BB21A00234B2C
:1039D8001B8C9BB29A4202DD204B01225A82244B57
:1039E8009A7804218A439A7033E0224B1B68DB03E0
:1039F800DB0FDBB2012B2CD11A4B5B785BB2DAB24E
:103A0800174B5A70174B9B785BB2DAB2144B9A700B
:103A1800144BDB785BB2DAB2114B1A71114B1B797C
:103A28005BB2DAB20E4B5A710E4B5B795BB29AB24B
:103A38000B4BDA8001F01CFF0F4B0E221A70074B5C
:103A48001A7901210A431A710A4B9A7801218A438B
:103A58009A70FDF785FFC046BD4680BDB0040020C2
:103A6800F404002080030020FC040020000500204E
:103A7800080500200C050020AC04002080B500AF2C
:103A8800294B5B68DB07DB0FDBB2012B2FD1FEF77D
:103A980063FE01F09BFD254B1B78DBB25AB2244B29
:103AA8001A70224B5B78DBB25AB2214B5A701F4B0B
:103AB8009B78DBB25AB21E4B9A701C4B1B79DBB257
:103AC8005AB21B4BDA70194B5B79DBB25AB2184BFE
:103AD8001A71164BDB889BB25AB2154B5A71124BAE
:103AE80000225A82104B1A7901218A431A710E4B0F
:103AF8005B68DB07DB0FDBB2002B11D1FDF76CFF36
:103B0800FA23DB001800FEF703FE074B0122DA80D8
:103B1800084B00221A70044B1A7901210A431A71C2
:103B2800C046BD4680BDC046B0040020F404002055
:103B380080030020AC04002080B500AF244B5B68F4
:103B4800DB07DB0FDBB2012B06D1FEF705FE204BAE
:103B58001A7901218A431A711D4B5B68DB07DB0F59
:103B6800DBB2002B30D1FDF799FF1A4B1B68012BF4
:103B78000BD1194B01221A70164B00221A60144BF4
:103B88001A7901210A431A711EE0124B5B68012B56
:103B98000BD1114B09221A700E4B00225A600C4BA4
:103BA8001A7901210A431A710EE00A4B9B68012B0E
:103BB8000AD1094B05221A70064B00229A60044B61
:103BC8001A7901210A431A71C046BD4680BDC04614
:103BD800B004002014050020AC04002080B500AF1C
:103BE8000B4B1A7901210A431A71094B09225A838E
:103BF800074B0B229A82064B25229A83044B0422F8
:103C0800DA82034B05221A84C046BD4680BDC046F1
:103C1800B004002080B584B000AF7860074B596BC2
:103C2800064B7A680A435A63044B5B6B7A68134005
:103C3800FB60FB68C046BD4604B080BD0010024072
:103C480080B582B000AF786039607B683A689A6264
:103C5800C046BD4602B080BD80B586B000AF3B000F
:103C6800180018231A00002104F016FA0420FFF7A0
:103C7800D1FF2020FFF7CEFF0120FFF7CBFF022066
:103C8800FFF7C8FF0820FFF7C5FF80239B01D34A31
:103C980019001000FFF7D4FFA023DB05102118003E
:103CA800FFF7CEFF80235A01A023DB05110018007F
:103CB800FFF7C6FF80231A02A023DB0511001800B6
:103CC800FFF7BEFFC64B01211800FFF7B9FFC44B31
:103CD80002211800FFF7B4FFC14B04211800FFF7B9
:103CE800AFFFBF4B08211800FFF7AAFFBD4B082103
:103CF8001800FFF7A5FFBB4B10211800FFF7A0FF26
:103D0800B84B20211800FFF79BFF80235B00B54AC2
:103D180019001000FFF794FF80239B00B14A190097
:103D28001000FFF78DFF3B00802292011A603B00D4
:103D380001225A603B0000229A603B000022DA60B0
:103D48003B0000221A613B00A44A1900100003F04E
:103D580037F93B0010221A603B0001225A603B00F1
:103D680000229A603B000022DA603B0000221A61C0
:103D78003A00A023DB051100180003F021F93B00ED
:103D880002221A603B0000225A603B0000221A619E
:103D98003B00944A1900100003F012F93B0004227A
:103DA8001A603B0000225A603B0000221A613B0067
:103DB8008C4A1900100003F003F93B008022D2005E
:103DC8001A603B0000225A603B0000221A613B0047
:103DD800844A1900100003F0F3F83B008022120116
:103DE8001A603B0000225A603B0000221A613B0027
:103DF8007C4A1900100003F0E3F83B0080225201CE
:103E08001A603B0001225A603B0000229A603B0086
:103E18000022DA603B0000221A613A00A023DB0589
:103E28001100180003F0CCF83B00802212021A603F
:103E38003B0001225A603B0000229A603B000022AE
:103E4800DA603B0000221A613A00A023DB0511006A
:103E5800180003F0B5F83B0001221A603B0001226C
:103E68005A603B0000229A603B000022DA603B0067
:103E780000221A613B005A4A1900100003F0A0F80A
:103E88003B0002221A603B0001225A603B000022DC
:103E98009A603B000022DA603B0000221A613B0076
:103EA8004F4A1900100003F08BF83B0004221A60F7
:103EB8003B0001225A603B0000229A603B0000222E
:103EC800DA603B0000221A613B00454A19001000E5
:103ED80003F076F83B0008221A603B0001225A6082
:103EE8003B0000229A603B000022DA603B0000227F
:103EF8001A613B003A4A1900100003F061F83B00D0
:103F080008221A603B0001225A603B0000229A6096
:103F18003B000022DA603B0000221A613B00314A74
:103F28001900100003F04CF83B0010221A603B0007
:103F380001225A603B0000229A603B000022DA60AE
:103F48003B0000221A613B00264A1900100003F0CA
:103F580037F83B0020221A603B0001225A603B00E0
:103F680000229A603B000022DA603B0000221A61BE
:103F78003B001C4A1900100003F022F83B00802285
:103F880052001A603B0001225A603B0000229A60EE
:103F98003B000022DA603B0000221A613B00114A14
:103FA8001900100003F00CF83B00802292001A6000
:103FB8003B0001225A603B0000229A603B0000222D
:103FC800DA603B0000221A613B00064A1900100023
:103FD80002F0F6FFC046BD4606B080BD000800509E
:103FE800000C00500004005080B582B000AF78602B
:103FF8007B681B68034A1A407B681A60C046BD4646
:1040080002B080BDFFFFFDFF80B582B000AF7860D1
:104018007B681B68034A1A407B681A60C046BD4625
:1040280002B080BDFFFFF7FF80B584B000AFF86035
:10403800B9607A60FB68DB68054A1A40B9687B6832
:104048000B431A43FB68DA60C046BD4604B080BD26
:1040580001F8FFFF80B582B000AF78607B68DB684D
:10406800034A1A407B68DA60C046BD4602B080BD8C
:10407800FF7FFFFF80B582B000AF78607B685B6828
:10408800802292041A437B685A60C046BD4602B03B
:1040980080BD000080B582B000AF7860084B5B6DD2
:1040A8007A68120CD2431A4011007B681B041A0C60
:1040B800034B0A435A65C046BD4602B080BDC046A0
:1040C8000010024080B584B000AF7860074BD96B10
:1040D800064B7A680A43DA63044BDB6B7A68134051
:1040E800FB60FB68C046BD4604B080BD00100240BE
:1040F80080B584B000AF7860074B596B064B7A687F
:104108000A435A63044B5B6B7A681340FB60FB6895
:10411800C046BD4604B080BD0010024090B58FB0C7
:1041280000AF1C243B1918001C231A00002103F0BF
:10413800B3FF3B1D180018231A00002103F0ACFF41
:10414800C0239B051800FFF7A5FF0220FFF7D0FF4B
:104158003B1D40221A603B1D02225A603B1D002273
:104168009A603B1D0122DA603B1D00221A613B1D4B
:1041780006225A613B1D2C4A1900100002F020FF4C
:104188003B1D80221A603B1D02225A603B1D002203
:104198009A603B1D0122DA603B1D00221A613B1D1B
:1041A80006225A613B1D204A1900100002F008FF40
:1041B80080239B031800FFF785FF21007B1800224E
:1041C8001A607B18194A5A607B1800229A607B187B
:1041D8000022DA607B1800221A617B1800225A61DB
:1041E8007B1800229A617B18114A1900100002F00E
:1041F800DFFF0F4B1800FFF73DFF0D4B002200219A
:104208001800FFF711FF0A4B1800FFF723FF084BB0
:104218001800FFF7F9FE064B1800FFF7E5FEC04649
:10422800BD460FB090BDC04600040050B57DB1102A
:104238000054004090B583B000AF02003960FB1D08
:104248001A70FB1D1B787F2B28D82F4AFB1D1B7863
:104258005BB29B08C0339B009B58FA1D1278110073
:1042680003220A40D200FF2191400A00D2431A409B
:1042780011003B689B01FF221A40FB1D1B781800A8
:1042880003230340DB009A401F48FB1D1B785BB2E9
:104298009B080A43C0339B001A5031E01B4AFB1DA0
:1042A8001B7819000F230B40083B9B0806339B0023
:1042B800D31804331B68FA1D1278110003220A4030
:1042C800D200FF2191400A00D2431A4011003B68F6
:1042D8009B01FF221A40FB1D1B7818000323034093
:1042E800DB009A400948FB1D1B781C000F23234064
:1042F800083B9B080A4306339B00C31804331A6023
:10430800C046BD4603B090BD00E100E000ED00E00E
:1043180080B500AF044B1A68034B802149000A435B
:104328001A60C046BD4680BD0010024080B500AF8F
:10433800074B1A688023DB001A408023DB009A426F
:1043480001D1012300E000231800BD4680BDC0460E
:104358000010024080B500AF044B1A6E034B0121D8
:104368000A431A66C046BD4680BDC04600100240DA
:1043780080B500AF054B1B6E02221340022B01D102
:10438800012300E000231800BD4680BD0010024054
:1043980080B582B000AF7860064B9B6807229343D4
:1043A8001900044B7A680A439A60C046BD4602B0B9
:1043B80080BDC0460010024080B500AF034B9B682B
:1043C800382213401800BD4680BDC0460010024088
:1043D80080B582B000AF7860064B9B68064A1340F0
:1043E8001900044B7A680A439A60C046BD4602B079
:1043F80080BDC04600100240FFF0FFFF80B582B0CC
:1044080000AF7860064B9B68064A13401900044BBE
:104418007A680A439A60C046BD4602B080BDC0466D
:1044280000100240FF8FFFFF80B500AF044B1A68F1
:10443800034B802149040A431A60C046BD4680BD2B
:104448000010024080B500AF074B1A6880239B0418
:104458001A4080239B049A4201D1012300E00023E3
:104468001800BD4680BDC0460010024080B584B02B
:1044780000AFF860B9607A603B600A4BDB680A4AB3
:1044880013401900FA68BB681A437B681B021A4379
:104498003B681A43034B0A43DA60C046BD4604B082
:1044A80080BDC046001002408C80FF1F80B500AF61
:1044B800044BDA68034B802149050A43DA60C04699
:1044C800BD4680BD0010024080B584B000AF786062
:1044D800074BD96B064B7A680A43DA63044BDB6BEC
:1044E8007A681340FB60FB68C046BD4604B080BDD7
:1044F8000010024080B584B000AF7860074B196C9B
:10450800064B7A680A431A64044B1B6C7A6813409A
:10451800FB60FB68C046BD4604B080BD0010024089
:1045280080B582B000AF7860064B1B6807229343C2
:104538001900044B7A680A431A60C046BD4602B0A7
:1045480080BDC0460020024080B500AF034B1B6809
:10455800072213401800BD4680BDC0460020024017
:1045680080B500AF044B1A68034B802149000A4309
:104578001A60C046BD4680BD0070004080B500AFDF
:104588000120FFF7B7FF80235B051800FFF79CFFAA
:1045980001235B4203211800FFF74CFE00F06AF884
:1045A800FFF75AFBFFF7BAFD00F0B0FC00F052FD30
:1045B80000F0F2FD00F084FE00F0D4FA00F008F9F3
:1045C800264BA0211800FDF749FC244B6421180054
:1045D80000F0D2FF01F0C8FAFFF700FBFDF7B2FACE
:1045E8001F4BDA681E4B01210A43DA601C4B1A681C
:1045F8001B4B01210A431A600220FEF7BFF9194B31
:1046080001221A70184B1A7801210A431A70174BA5
:104618000122DA81154B01229A81144B0122DA809A
:1046280001F05AFA124B1A68114B20210A431A60FA
:104638000F4B1A680E4B01210A431A60FEF78CF8DB
:10464800FEF7CBF8FEF7F8FAFEF7C7F80A20FEF7F0
:104658005FF802F061F8C046F4E7C0460054004035
:10466800002C0140AC04002088030020B004002086
:104678000044004080B500AF0220FFF751FFC0465C
:10468800FFF762FF0300022BFAD1FFF741FEC04695
:10469800FFF74CFE0300012BFAD1FFF75BFEC04683
:1046A800FFF766FE0300012BFAD1FFF759FF8023BD
:1046B8009B05082200210220FFF7D8FEFFF7B4FE71
:1046C800FFF7F4FEC046FFF7BDFE0300012BFAD149
:1046D8000020FFF77DFE0220FFF75AFEC046FFF7D5
:1046E8006BFE0300102BFAD10020FFF787FE054B65
:1046F800180003F0B3FC034B180003F0BFFCC046DE
:10470800BD4680BD0090D00380B582B000AF786010
:10471800064BDB6D064A13401900044B7A680A43BE
:10472800DA65C046BD4602B080BDC04600100240F2
:10473800FFFCFFFF80B500AF034BDA6DC0239B0081
:1047480013401800BD4680BD0010024080B500AF80
:10475800044BDA6D034B802109020A43DA65C0462F
:10476800BD4680BD0010024080B500AF044BDA6D35
:10477800034B802149020A43DA65C046BD4680BD25
:104788000010024080B500AF044BDA6D034B0449BA
:104798000A40DA65C046BD4680BDC04600100240EA
:1047A800FFFFFEFF80B584B000AF7860074BD96B80
:1047B800064B7A680A43DA63044BDB6B7A6813406A
:1047C800FB60FB68C046BD4604B080BD00100240D7
:1047D80080B584B000AF3B1D18000C231A000021DF
:1047E80003F05AFCFFF7A6FF020080239B009A42C1
:1047F80008D0FFF7B9FFFFF7C5FF80239B0018001B
:10480800FFF782FFFFF7A2FF8023DB001800FFF706
:10481800C9FF3B1D00221A603B1D7F225A603B1DC9
:10482800FF229A603B1D044A1900100002F0EEFFB7
:10483800C046BD4604B080BD0028004080B500AF2A
:10484800C046FDE780B500AFC046FDE780B500AFC4
:10485800C046BD4680BD80B500AFC046BD4680BDE0
:1048680080B500AFC046BD4680BD000080B500AF32
:10487800FDF762FF01F0A0F92D4B1B889BB20133B5
:104888009AB22B4B1A802A4B1B889BB2294A934217
:1048980020D9294B1B78002B1CD1254BDB881BB258
:1048A8009BB201339BB21AB2214BDA80204B002213
:1048B8001A801F4BDB881BB21A001D4B9B8A9BB2C8
:1048C8009A4207DD1C4B0E221A70194B1A790121E6
:1048D8000A431A71184B1B78002B11D1144BDB8C2F
:1048E8009BB201339AB2124BDA84114BDB8C9BB228
:1048F800124A934204D90E4B0022DA8401F09CFB41
:1049080002F044FA0E4B1B685A1E0D4B1A600C4BF2
:104918001B68002B02DC0A4B00221A60094B1A693B
:10492800084B01218A431A61C046BD4680BDC04676
:10493800B0040020B80B0000AC0400200F270000D2
:1049480020050020002C014080B500AFC046BD46C0
:1049580080BD80B500AF02F09DF8C046BD4680BD61
:1049680080B500AFC046BD4680BD80B500AFC0462B
:10497800BD4680BD80B582B000AF0200FB1D1A7035
:10498800FB1D1B787F2B09D8FB1D1B781A001F23E2
:104998001A40044B012191400A001A60C046BD46E6
:1049A80002B080BD00E100E090B583B000AF020026
:1049B8003960FB1D1A70FB1D1B787F2B28D82F4AE6
:1049C800FB1D1B785BB29B08C0339B009B58FA1DEC
:1049D8001278110003220A40D200FF2191400A00F8
:1049E800D2431A4011003B689B01FF221A40FB1D6D
:1049F8001B78180003230340DB009A401F48FB1D67
:104A08001B785BB29B080A43C0339B001A5031E005
:104A18001B4AFB1D1B7819000F230B40083B9B0802
:104A280006339B00D31804331B68FA1D1278110053
:104A380003220A40D200FF2191400A00D2431A40C3
:104A480011003B689B01FF221A40FB1D1B781800D0
:104A580003230340DB009A400948FB1D1B781C0018
:104A68000F232340083B9B080A4306339B00C318C7
:104A780004331A60C046BD4603B090BD00E100E0B3
:104A880000ED00E080B584B000AF7860074B196C8A
:104A9800064B7A680A431A64044B1B6C7A68134005
:104AA800FB60FB68C046BD4604B080BD00100240F4
:104AB80080B582B000AF78607B681B688022934322
:104AC8001A007B681A60C046BD4602B080BD00006F
:104AD80080B582B000AF786039607B689B68054A12
:104AE8001A403B681A437B689A60C046BD4602B0CC
:104AF80080BDC046F8BFFEFF80B582B000AF7860C9
:104B080039607B685B68702293431A003B681A43DC
:104B18007B685A60C046BD4602B080BD80B582B091
:104B280000AF786039607B685B68054A1A403B686B
:104B38001A437B685A60C046BD4602B080BDC04675
:104B4800FFFF0FFF80B582B000AF78607B689B687D
:104B5800802293431A007B689A60C046BD4602B023
:104B680080BD000080B586B000AF3B1D180014233F
:104B78001A00002103F090FA80231B011800FFF7A8
:104B880081FF00210D20FFF70FFF0D20FFF7F2FE38
:104B98003B1D3F221A803B1D00225A603B1D144AD0
:104BA8009A603B1D0022DA603B1D00221A613B1D02
:104BB800104A1900100003F08BF80E4B1800FFF78D
:104BC80077FF0C4B00211800FFF782FF094B0021EB
:104BD8001800FFF791FF074B00211800FFF79EFF11
:104BE800044B1800FFF7AEFFC046BD4606B080BDB7
:104BF800E7030000002C014080B582B000AF02003E
:104C0800FB1D1A70FB1D1B787F2B09D8FB1D1B7819
:104C18001A001F231A40044B012191400A001A6010
:104C2800C046BD4602B080BD00E100E090B583B04B
:104C380000AF02003960FB1D1A70FB1D1B787F2B2B
:104C480028D82F4AFB1D1B785BB29B08C0339B00FA
:104C58009B58FA1D1278110003220A40D200FF2146
:104C680091400A00D2431A4011003B689B01FF2281
:104C78001A40FB1D1B78180003230340DB009A40F1
:104C88001F48FB1D1B785BB29B080A43C0339B007F
:104C98001A5031E01B4AFB1D1B7819000F230B40EB
:104CA800083B9B0806339B00D31804331B68FA1D86
:104CB8001278110003220A40D200FF2191400A0015
:104CC800D2431A4011003B689B01FF221A40FB1D8A
:104CD8001B78180003230340DB009A400948FB1D9A
:104CE8001B781C000F232340083B9B080A4306330C
:104CF8009B00C31804331A60C046BD4603B090BD7C
:104D080000E100E000ED00E080B582B000AF78601F
:104D1800084B5B6D7A68120CD2431A4011007B680D
:104D28001B041A0C034B0A435A65C046BD4602B021
:104D380080BDC0460010024080B584B000AF7860E6
:104D4800074BD96B064B7A680A43DA63044BDB6B73
:104D58007A681340FB60FB68C046BD4604B080BD5E
:104D68000010024080B584B000AF7860074B196C22
:104D7800064B7A680A431A64044B1B6C7A68134022
:104D8800FB60FB68C046BD4604B080BD0010024011
:104D980080B584B000AF7860074B596B064B7A68D2
:104DA8000A435A63044B5B6B7A681340FB60FB68E9
:104DB800C046BD4604B080BD0010024080B582B038
:104DC80000AF78607B681B6801221A437B681A6011
:104DD800C046BD4602B080BD80B582B000AF7860E5
:104DE8007B681B68034A1A407B681A60C046BD4648
:104DF80002B080BDFFFFFFDF80B586B000AF7860EE
:104E08003960EFF31083BB60BB687B610123FB60F3
:104E1800FB6883F31088C0467B689B68DB00DA0870
:104E28003B685B071A437B689A607B693B613B6917
:104E380083F31088C046C046BD4606B080BD00005A
:104E480080B586B000AF78603960EFF31083BB603F
:104E5800BB687B610123FB60FB6883F31088C04655
:104E68007B689B68084A1A403B685B061A437B6864
:104E78009A607B693B613B6983F31088C046C046F2
:104E8800BD4606B080BDC046FFFFFFF180B582B0C9
:104E980000AF78607B685B68074A1A407B685A6095
:104EA8007B689B682A2293431A007B689A60C046F5
:104EB800BD4602B080BDC046FFB7FFFF80B582B0D7
:104EC80000AF78607B68DA6980239B031A408023EF
:104ED8009B039A4201D1012300E000231800BD463C
:104EE80002B080BD80B582B000AF78607B68DA69B7
:104EF8008023DB031A408023DB039A4201D101237C
:104F080000E000231800BD4602B080BD90B58FB008
:104F180000AF18243B19180020231A00002103F0C1
:104F2800BBF83B00180018231A00002103F0B4F85E
:104F3800C0239B021800FFF7E7FE8023DB0118005F
:104F4800FFF710FF0120FFF723FF3B0080229200AC
:104F58001A603B0002225A603B0000229A603B0024
:104F68000022DA603B0000221A613B0001225A61EC
:104F78003A00A023DB051100180002F021F83B00DD
:104F88008022D2001A603B0002225A603B000022B5
:104F98009A603B000022DA603B0000221A613B0065
:104FA80001225A613A00A023DB051100180002F023
:104FB80007F800211B20FFF739FE1B20FFF71CFE16
:104FC8003B1900221A603B19962292015A6021006F
:104FD8007B1800229A607B180022DA607B18002276
:104FE8001A617B180C225A617B1800229A617B187F
:104FF8000022DA617B18164A1900100002F086FFB9
:10500800134B00211800FFF7F7FE114B0021180081
:10501800FFF716FF0E4B1800FFF7DEFE0C4B1800CB
:10502800FFF734FF0A4B1800FFF7C8FEC046084BCD
:105038001800FFF743FF031EF9D0054B1800FFF7D0
:1050480051FF031EF3D0C046C046BD460FB090BD09
:105058000038014090B58FB000AF18243B191800F4
:1050680020231A00002103F017F83B00180018232A
:105078001A00002103F010F8C0231B031800FFF7E3
:1050880043FE80239B021800FFF756FE0120FFF71E
:105098007FFE3B0004221A603B0002225A603B005C
:1050A80000229A603B000022DA603B0000221A616D
:1050B8003B0001225A613A00A023DB0511001800C9
:1050C80001F07EFF3B0008221A603B0002225A6072
:1050D8003B0000229A603B000022DA603B0000227D
:1050E8001A613B0001225A613A00A023DB05110036
:1050F800180001F065FF00211C20FFF797FD1C2018
:10510800FFF77AFD3B1900221A603B19962292019B
:105118005A6021007B1800229A607B180022DA600E
:105128007B1800221A617B180C225A617B18002216
:105138009A617B180022DA617B18164A1900100060
:1051480002F0E4FE134B00211800FFF755FE114B47
:1051580000211800FFF774FE0E4B1800FFF73CFE05
:105168000C4B1800FFF792FE0A4B1800FFF726FEBB
:10517800C046084B1800FFF7A1FE031EF9D0054BE7
:105188001800FFF7AFFE031EF3D0C046C046BD4669
:105198000FB090BD0044004090B58FB000AF182408
:1051A8003B19180020231A00002102F075FF3B006C
:1051B800180018231A00002102F06EFF8023DB027A
:1051C8001800FFF7B9FD0120FFF7E2FD0220FFF705
:1051D800DFFD3B0020221A603B0002225A603B00A0
:1051E80000229A603B000022DA603B0000221A612C
:1051F8003B0004225A613A00A023DB051100180085
:1052080001F0DEFE3B0001221A603B0002225A60D8
:105218003B0000229A603B000022DA603B0000223B
:105228001A613B0004225A613B00234A190010000E
:1052380001F0C6FE00211D20FFF7F8FC1D20FFF736
:10524800DBFC3B1900221A603B19962292015A6036
:1052580021007B1800229A607B180022DA607B18F4
:1052680000221A617B180C225A617B1800229A616D
:105278007B180022DA617B18104A1900100002F02E
:1052880045FE0E4B1800FFF701FE0C4B1800FFF708
:1052980095FDC046094B1800FFF710FE031EF9D014
:1052A800064B1800FFF71EFE031EF3D0C046C0468B
:1052B800BD460FB090BDC0460004005000480040F5
:1052C80090B58FB000AF18243B19180020231A009E
:1052D800002102F0E1FE3B00180018231A0000210B
:1052E80002F0DAFE80231B031800FFF725FD0120DA
:1052F800FFF74EFD3B0001221A603B0002225A6074
:105308003B0000229A603B000022DA603B0000224A
:105318001A613B0004225A613A00A023DB05110000
:10532800180001F04DFE3B0002221A603B000222E9
:105338005A603B0000229A603B000022DA603B0082
:1053480000221A613B0004225A613A00A023DB05BF
:105358001100180001F034FE00211D20FFF766FC43
:105368001D20FFF749FC3B1900221A603B199622C1
:1053780092015A6021007B1800229A607B18002253
:10538800DA607B1800221A617B180C225A617B189C
:1053980000229A617B180022DA617B180F4A1900F3
:1053A800100002F0B3FD0D4B1800FFF76FFD0B4B1B
:1053B8001800FFF703FDC046084B1800FFF77EFDF5
:1053C800031EF9D0054B1800FFF78CFD031EF3D020
:1053D800C046C046BD460FB090BDC046004C004018
:1053E80080B582B000AF786039607B685B68054A39
:1053F8001A403B681A437B685A60C046BD4602B0F3
:1054080080BDC046FFF7FFFF80B582B000AF78606F
:105418007B689B6901221340012B01D1012300E025
:1054280000231800BD4602B080BD80B582B000AF31
:1054380078607B689B6902221340022B01D101230B
:1054480000E000231800BD4602B080BD80B582B0E0
:1054580000AF78607B689B6904221340042B01D15C
:10546800012300E000231800BD4602B080BD000003
:1054780080B582B000AF78607B685B68034A1A40E9
:105488007B685A60C046BD4602B080BDFFFFFFFD85
:1054980080B582B000AF786039607B685B68054A88
:1054A8001A403B681B041A437B685A60C046BD46D5
:1054B80002B080BDFFFF00FF80B582B000AF78600A
:1054C8007B685B688022D2011A437B685A60C046B9
:1054D800BD4602B080BD80B582B000AF786039604B
:1054E8007B685B689B0A9A023B681A437B685A6030
:1054F800C046BD4602B080BD80B582B000AF7860BE
:105508007B685B6ADBB21800BD4602B080BD80B51F
:1055180082B000AF78600A00FB1C1A70FB1C1A7876
:105528007B689A62C046BD4602B080BD80B586B031
:1055380000AFF860B9607A603B607B681A04FF23AB
:105548001B041A40BB681A433B681B021B041B0C54
:105558001A433B6AFF210B4013437B61FB681B6CBA
:10556800044A1A407B691A43FB681A64C046BD4660
:1055780006B080BD808080FF80B582B000AF7860C3
:105588000A00FB1C1A700F4B7A689A600D4BFA1CC4
:1055980012781A700B4B0C4A9A800A4B9B889AB265
:1055A800084B5A80074B00229A71064B0A22DA717F
:1055B800044B9B681800FFF75BFFC046BD4602B06E
:1055C80080BDC046D8040020E02E0000B0B586B0EB
:1055D80000AF3B1D180010231A00002102F05CFDEB
:1055E800A04B9B889AB29F4B5A80C0469D4B5B88C4
:1055F8009BB25A1E91B29B4A5180002BF6D1994B0F
:105608009A68984B1B78DBB219001000FFF763FF0C
:10561800944B9B6800211800FFF7E2FE914B9B68B2
:105628005A68904B9B688021C9000A435A608D4B89
:105638009B6810211800FFF72BFF8A4B9B685A685C
:10564800884B9B68802189010A435A601623FB18FE
:1056580000221A8028E0834B00229A7107E0814BD0
:105668009B79DAB27F4BDB79DBB29A4207D27D4B6A
:105678009B681800FFF7EAFE031EF0D000E0C04662
:10568800784B00229A71774B9A6816257B191C88EB
:105698001000FFF731FF03001A003B1D1A557B1954
:1056A8001A887B1901321A801623FB181B880F2BC6
:1056B800D1D96C4B9B681800FFF7FEFE3B1D1A788A
:1056C800694BDA733B1D5A78674B1A703B1D9A7801
:1056D800654B5A703B1DDA78634B9A703B1D1A79FB
:1056E800614BDA703B1D5A795F4B1A713B1D9A79F1
:1056F8005D4B5A713B1DDA795B4B9A713B1D1A7AE7
:10570800594BDA713B1D5A7A574B1A723B1D9A7ADC
:10571800554B5A723B1DDA7A534B9A723B1D1A7BD2
:10572800514BDA723B1D5A7B4F4B1A733B1D9A7BC8
:105738004D4B5A733B1DDA7B4B4B9A734A4B1B7884
:10574800DBB21B11DBB20F221340DBB21A1C920032
:10575800D318DB18DAB2444B1B78DBB20F210B40AD
:10576800DBB2D318DAB2414B1A703F4B5B78DBB22D
:105778001B11DBB20F221340DBB21A1C9200D318A4
:10578800DB18DAB2384B5B78DBB20F210B40DBB2A7
:10579800D318DAB2354B5A70334B9B78DBB21B11F6
:1057A800DBB20F221340DBB21A1C9200D318DB18AD
:1057B800DAB22D4B9B78DBB20F210B40DBB2D3184A
:1057C800DAB22A4B9A70284BDB78DAB2274BDA70B8
:1057D800254B1B79DBB21B11DBB20F221340DBB266
:1057E8001A1C9200D318DB18DAB21F4B1B79DBB2F4
:1057F8000F210B40DBB2D318DAB21C4B1A711A4BCB
:105808005B79DBB21B11DBB20F221340DBB21A1C2F
:105818009200D318DB18DAB2134B5B79DBB20F2195
:105828000B40DBB2D318DAB2104B5A710E4B9B798E
:10583800DBB21B11DBB20F221340DBB21A1C920041
:10584800D318DB18DAB2084B9B79DBB20F210B4077
:10585800DBB2D318DBB21A00044BDA80C046BD466F
:1058680006B0B0BDD8040020E4040020F4040020F1
:10587800B0B500AF434B5B78DBB20A211800FAF7EA
:105888003BFC0300DBB21B01DCB23E4B5B78DBB2B6
:105898000A211800FAF7B6FC0B00DBB22343DBB28F
:1058A8001900102000F070F8364B9B78DBB20A2103
:1058B8001800FAF721FC0300DBB21B01DCB2314B04
:1058C8009B78DBB20A211800FAF79CFC0B00DBB2CC
:1058D8002343DBB21900202000F056F8294B1B792E
:1058E800DBB20A211800FAF707FC0300DBB21B0140
:1058F800DCB2244B1B79DBB20A211800FAF782FCD0
:105908000B00DBB22343DBB21900402000F03CF867
:105918001C4B5B79DBB20A211800FAF7EDFB030098
:10592800DBB21B01DCB2174B5B79DBB20A21180032
:10593800FAF768FC0B00DBB22343DBB219005020F6
:1059480000F022F80F4BDB889BB20A211800FAF707
:10595800D3FB03009BB2DBB21B01DCB2094BDB8833
:105968009BB20A211800FAF74DFC0B009BB2DBB280
:105978002343DBB21900602000F006F8C046BD469C
:10598800B0BDC046F404002080B582B000AF02006C
:10599800FB1D1A70BB1D0A1C1A704D4B9B889AB2CE
:1059A8004B4B5A80C0464A4B5B889BB25A1E91B2F9
:1059B800474A5180002BF6D1454B9A68444B1B78D7
:1059C800DBB219001000FFF786FD414B9B685A684F
:1059D8003F4B9B683F490A405A603D4B9B680021FA
:1059E8001800FFF7FDFC3A4B9B6802211800FFF7EF
:1059F8004FFD374B9B685A68354B9B68802189015E
:105A08000A435A60324B00229A7107E0304B9B7967
:105A1800DAB22F4BDB79DBB29A4208D22C4B9B6867
:105A28001800FFF702FD0300012BEFD100E0C0468C
:105A3800274B00229A71264B9A68FB1D1B78DBB214
:105A480019001000FFF763FD214B00229A7107E04F
:105A58001F4B9B79DAB21E4BDB79DBB29A4208D234
:105A68001B4B9B681800FFF7E0FC0300012BEFD1EC
:105A780000E0C046164B00229A71154B9A68BB1D70
:105A88001B78DBB219001000FFF741FD104B002214
:105A98009A7107E00E4B9B79DAB20D4BDB79DBB2DA
:105AA8009A4208D20A4B9B681800FFF7ADFC030026
:105AB800012BEFD100E0C046054B00229A71044B40
:105AC8009B681800FFF7F8FCC046BD4602B080BDD1
:105AD800D8040020FFFBFFFF90B585B000AF082475
:105AE8003B19180008231A00002102F0D5FA3B1DC3
:105AF80000221A60FFF76AFD194B9B78DAB23B194E
:105B08001A71174B5B78DAB23B195A71144B1B7830
:105B1800DAB23B199A713B1912481A00012101F0B7
:105B2800B0FE0F4B5B79DAB23B1D5A700C4B9B7978
:105B3800DAB23B1DDA700A4B1B79DAB23B1D9A7058
:105B4800074BDB78DAB23B1D1A703B1D05481A007B
:105B5800012101F041FFC046BD4605B090BDC046D9
:105B6800E40400200028004080B582B002AF104B4A
:105B7800CA225A620E4B53225A620D4B9A690C4B39
:105B88000C490A409A610A480023009336231222DE
:105B98000021FFF7CBFC064B882252019A61044B87
:105BA800FE225A62024B64225A62C046BD4680BD3C
:105BB80000280040FFFEFFFF80B500AF2D4B1A699B
:105BC8008023DB00134007D02B4B1B889BB201338B
:105BD8009AB2294B1A803FE0264B1B6904221340D6
:105BE80007D0264B1B889BB201339AB2234B1A80ED
:105BF80032E0204B1A6980231B01134012D01D4B41
:105C08001B69022213400DD01D4B00221A801D4B28
:105C180000221A801C4B1B889BB201339AB21A4B84
:105C28001A8019E0134B1A6980231B01134007D00F
:105C3800134B1B889BB201339AB2114B1A800BE0AD
:105C48000C4B1B690222134006D00E4B1B889BB2DB
:105C580001339AB20B4B1A8000F018F800F050F894
:105C680000F080F800F0D4F800F026F9C046BD46F0
:105C780080BDC04600040050FC0400200005002040
:105C880004050020080500200C05002080B500AFA1
:105C9800184B1A698023DB00134016D0164B1B885B
:105CA8009BB201339AB2144B1A80134B1B889AB2D9
:105CB800FA239B009A4219D90F4B9A7801210A437B
:105CC8009A700D4B0D4A1A8010E00B4B1B889BB243
:105CD800642B08D9084B9A7801210A439A70064B1D
:105CE80000221A8002E0044B00221A80C046BD46FA
:105CF80080BDC04600040050FC040020B60300002C
:105D080080B500AF144B1B69042213400FD0134B0E
:105D18001B889AB2FA239B009A4219D90F4B9A789A
:105D280001210A439A700D4B0D4A1A8010E00B4B63
:105D38001B889BB2642B08D9084B9A7801210A4327
:105D48009A70064B00221A8002E0044B00221A8047
:105D5800C046BD4680BDC046000400500005002076
:105D6800B603000080B500AF264B1A6980231B01DB
:105D7800134009D0244B1B889BB2244A93423DD937
:105D8800214B224A1A8039E01F4B1B889BB2642B97
:105D980014D91D4B1B889AB2FA239B009A420DD83E
:105DA800194B9A7802218A439A70174B9A780421E2
:105DB8000A439A70144B00221A801FE0124B1B886A
:105DC8009AB2FA239B009A4214D90F4B1B889AB2B5
:105DD800FA23DB009A420DD80B4B9A7804218A43A8
:105DE8009A70094B9A7802210A439A70064B00224E
:105DF8001A8003E0044B00221A80FFE7C046BD4624
:105E080080BDC04600040050040500201A040000AC
:105E180080B500AF254B1B690222134009D0244BE3
:105E28001B889BB2234A93423DD9214B214A1A80B1
:105E380039E01F4B1B889BB2642B14D91C4B1B8861
:105E48009AB2FA239B009A420DD8194B9A780221EC
:105E58008A439A70164B9A7804210A439A70144B15
:105E680000221A801FE0124B1B889AB2FA239B006B
:105E78009A4214D90E4B1B889AB2FA23DB009A4235
:105E88000DD80B4B9A7804218A439A70084B9A785C
:105E980002210A439A70064B00221A8003E0044B41
:105EA80000221A80FFE7C046BD4680BD00040050AE
:105EB800080500201A04000080B500AF194B1A69C4
:105EC80080231B01134016D0164B1B690222134076
:105ED80011D0154B00221A80144B00221A80144B43
:105EE8001B889AB2FA239B009A4218D9104BFA22BF
:105EF80092001A8013E00E4B1B889AB2FA239B007B
:105F08009A4208D30A4B9A7801210A439A70084B9F
:105F180000221A8003E0064B00221A80FFE7C046E1
:105F2800BD4680BD0004005004050020080500207F
:105F38000C05002080B500AF384B5B68DB07DB0F32
:105F4800DBB2012B1AD1364B1A7801218A431A7019
:105F5800344B00221A71344B00221A60334B1A78E2
:105F680001218A431A7000F067F82E4BFA2292003A
:105F78001A602A4B1A7901218A431A71274B5B68E8
:105F8800DB07DB0FDBB2002B45D1264B1B68002B50
:105F980020D1234B1B68DB07DB0FDBB2002B19D1A9
:105FA800224B1B68DB07DB0FDBB2002B12D1204B27
:105FB80000221A801D4B1A7801210A431A70194BC6
:105FC800FA2292001A60174B1B79DBB20133DAB25E
:105FD800144B1A71124B1B68DB07DB0FDBB2012B6A
:105FE80009D1144B0E221A70FBF72CFB0B4B1A79B4
:105FF80001210A431A710B4B1B79DBB2092B0AD911
:106008000C4B10221A70054B1A7901210A431A7198
:10601800054B01221A60C046BD4680BDB004002071
:1060280010050020200500201405002090060020FF
:1060380094060020AC04002080B500AF0F4B02226C
:106048005A800F4B4D221A700C4B5B889BB2013B58
:106058001A000B4B1100180000F0EEFC03001A00A8
:10606800074B5A70054B00221A80064B1A780121FB
:106078000A431A70C046BD4680BDC046940600203B
:10608800340600209006002080B500AF384B5B68CE
:10609800DB07DB0FDBB2012B1AD1364B1A78022152
:1060A8008A431A70344B00221A71344B00221A604A
:1060B800334B1A7801218A431A7000F067F82E4B87
:1060C800FA2292001A602A4B1A7901218A431A711E
:1060D800274B5B68DB07DB0FDBB2002B45D1264B78
:1060E8001B68002B20D1234B1B689B07DB0FDBB2FF
:1060F800002B19D1224B1B68DB07DB0FDBB2002B0F
:1061080012D1204B00221A801D4B1A7801210A4314
:106118001A70194BFA2292001A60174B1B79DBB2DE
:106128000133DAB2144B1A71124B1B689B07DB0F51
:10613800DBB2012B09D1FBF7D3FB134B01221A70F9
:106148000B4B1A7901210A431A710B4B1B79DBB2ED
:10615800092B0AD90C4B10221A70054B1A79012108
:106168000A431A71054B01225A60C046BD4680BDDC
:10617800B004002010050020200500201405002090
:106188009006002094060020AC04002080B500AFE3
:10619800964B32225A80964B1A7801210A431A707C
:1061A800944B53221A70944B1B889BB2DAB2914BD2
:1061B8005A70914B1B888F4B00229A708F4B1B880B
:1061C8009BB2DAB28B4BDA708C4B1B88894B00225E
:1061D8001A718B4B1B889BB2DAB2864B9A71884B2B
:1061E8001B88844B00225A71864B1B889BB2DAB2FB
:1061F800804BDA71834B1B887E4B00221A72824BCC
:106208001B889BB2DAB27B4B5A727F4B1B88794B47
:1062180000229A727D4B1B889BB2DAB2754BDA72F8
:106228007A4B1B88734B00221A73794B1B889BB2DD
:10623800DAB2704B5A73764B1B886E4B00229A73F6
:10624800744B1B889BB2DAB26A4BDA73714B1B88AA
:10625800684B00221A74704B1B889BB2DAB2654BEC
:106268005A746D4B1B889BB21B0A9BB2DAB2614B06
:106278009A746A4B1B889BB2DAB25E4BDA74674B2E
:106288001B885C4B00221A75654B1B889BB2DAB2DF
:10629800584B5A75624B1B88564B00229A75614BB6
:1062A8001B889BB2DAB2534BDA755E4B1B88514B95
:1062B80000221A765C4B1B889BB2DAB24D4B5A7699
:1062C800594B1B884B4B00229A76584B1B889BB224
:1062D800DAB2484BDA76554B1B88464B00221A77C0
:1062E800534B1B889BB2DAB2424B5A77504B1B88F0
:1062F800404B00229A774F4B1B889BB2DAB23D4B3A
:10630800DA774C4B1B883B4B2022002199544A4B8F
:106318001B889BB2D9B2374B21229954464B1B8814
:10632800344B222200219954444B1B889BB2D9B28A
:10633800304B23229954414B1B882E4B2422002199
:1063480099543F4B1B889BB2D9B22A4B25229954AA
:106358003B4B1B88274B262200219954394B1B881D
:106368009BB2D9B2234B27229954364B1B88214B19
:10637800282200219954344B1B889BB2D9B21D4B5B
:1063880029229954304B1B881A4B2A2200219954F0
:106398002E4B1B889BB2D9B2164B2B2299542B4BF0
:1063A8001B88144B2C2200219954124B2D220021BA
:1063B8009954104B2E22002199540E4B2F22002164
:1063C80099540C4B3022002199540A4B3121180062
:1063D80000F032FB03001900064B31229954034B9D
:1063E80000221A80C046BD4680BDC04694060020E3
:1063F800900600203406002060020020620200207F
:10640800640200206602002068020020280500209F
:106418006A0200206C020020700200207202002034
:106428007402002076020020780200207A02002000
:106438007C0200207E0200208002002082020020D0
:106448008402002088020020860200208A020020A0
:1064580080B582B000AF1F4B1A7804218A431A70A6
:106468001D4B00221A711D4B00221A601C4B1A7812
:1064780001218A431A701B4B43221A7001237B6047
:1064880007E0184A7B68D31800221A707B6801332A
:106498007B607B68142BF4DD134B16225A80124B59
:1064A8005B889BB2013B1A000E4B1100180000F0EC
:1064B800C3FA03001A000B4B5A750B4B00221A80C3
:1064C800074B1A7801210A431A70C046BD4602B02C
:1064D80080BDC046100500202005002014050020BE
:1064E80090060020340600209406002080B500AFF6
:1064F8005D4B1A7804218A431A705C4B00221A718A
:106508005B4B00221A605B4B1A7801218A431A7090
:10651800594B16225A80594B43221A70584B5B88A4
:106528009BB2DAB2554B5A70554B5B889BB21B0A2B
:106538009BB2DAB2514B9A70514B9B889BB2DAB23C
:106548004E4BDA704E4B9B889BB21B0A9BB2DAB259
:106558004A4B1A714A4BDB889BB2DAB2474B5A71E5
:10656800474BDB889BB21B0A9BB2DAB2434B9A714A
:10657800434B1B899BB2DAB2404BDA71404B1B8903
:106588009BB21B0A9BB2DAB23C4B1A723C4B5B893A
:106598009BB2DAB2394B5A72394B5B899BB21B0AF0
:1065A8009BB2DAB2354B9A72354B9B899BB2DAB201
:1065B800324BDA72324B9B899BB21B0A9BB2DAB21E
:1065C8002E4B1A732E4BDB899BB2DAB22B4B5A73C4
:1065D8002B4BDB899BB21B0A9BB2DAB2274B9A730F
:1065E800274B1B8A9BB2DAB2244BDA73244B1B8AE3
:1065F8009BB21B0A9BB2DAB2204B1A74204B5B8AFF
:106608009BB2DAB21D4B5A741D4B5B8A9BB21B0AB4
:106618009BB2DAB2194B9A74194B9B8A9BB2DAB2C5
:10662800164BDA74164B9B8A9BB21B0A9BB2DAB2E2
:10663800124B1A75104B5B889BB2013B1A000F4B2B
:106648001100180000F0F8F903001A000B4B5A75F6
:10665800094B00221A80074B1A7801210A431A7045
:10666800C046BD4680BDC04610050020200500205C
:10667800140500209006002094060020340600200F
:106688003000002080B500AF1D4B1A7810218A43D6
:106698001A701C4B00221A711B4B00221A601B4BEC
:1066A8001A7801218A431A70194B52221A70184B12
:1066B80045225A70164B53229A70154B4522DA70B0
:1066C800134B54221A71134B06225A80114B5B88C4
:1066D8009BB2013B1A000E4B1100180000F0ACF9F8
:1066E80003001A000A4B5A710A4B00221A80074B02
:1066F8001A7801210A431A70C046BD4680BDC046BB
:106708001005002020050020140500209006002018
:10671800340600209406002080B500AF00F00AF887
:1067280000F04AF800F076F800F0BAF8C046BD4626
:1067380080BD000080B500AF1B4B1B78DBB26D2B12
:106748002ED11A4B5B682B2B2AD1194B1A780221B0
:106758000A431A70164B1A7801218A431A70124B91
:106768002B21180000F068F903001A000F4B5A702B
:106778000D4B00221A700D4B5B78DAB20A4B2B21B5
:106788005B5CDBB29A4206D100F0B2F8094B1A788A
:1067980001210A431A70064B1A7802218A431A709B
:1067A800C046BD4680BDC0462C0500202C060020F2
:1067B800280600201005002080B500AF114B1B787B
:1067C800DBB2732B1AD1104B5B68012B16D10F4B20
:1067D8001A7802210A431A700C4B1A7801218A434D
:1067E8001A70084B00221A70094B1A7802210A43C2
:1067F8001A70064B1A7802218A431A70C046BD46A1
:1068080080BDC0462C0500202C060020280600204C
:106818001005002080B500AF1D4B1B78DBB2632B41
:1068280032D11C4B5B68152B2ED11B4B1A780221D9
:106838000A431A70184B1A7801218A431A70144BAC
:106848001521180000F0F8F803001A00114B5A70CF
:106858000F4B00221A700F4B5B78DAB20C4B5B7D42
:10686800DBB29A420BD100F0AFF80C4B1A78042136
:106878000A431A70094B1A7808210A431A70064B02
:106888001A7802218A431A70C046BD4680BDC046A8
:106898002C0500202C0600202806002010050020CA
:1068A80080B500AF0F4B1B78DBB2722B16D10E4BA5
:1068B8001A7802210A431A700B4B1A7801218A436D
:1068C8001A70084B00221A70084B1A7810210A43D4
:1068D8001A70054B1A7802218A431A70C046BD46C1
:1068E80080BDC0462C050020280600201005002089
:1068F80080B582B000AFFB1C01221A7001237B60B7
:1069080021E02D4A7B68D3181B78DBB21AB27B686A
:1069180001332949CB5CDBB21BB21B021BB2134308
:1069280019B2FB1C1B78DBB21A0089B2234B520048
:10693800D152FB1C1B78DBB20133DAB2FB1C1A7094
:106948007B6802337B607B68272BDADD1B4BDB8996
:106958009AB21B4BDA80194B9B889AB2184B5A8112
:10696800164BDB889AB2164B9A81144B9B899AB2C4
:10697800134BDA81114B1B8A9AB2114B1A820F4BB7
:10698800DB899AB20F4BDA800C4B9B889AB20D4B7D
:106998005A810A4BDB889AB20A4B9A81074B9B892A
:1069A8009AB2084BDA81054B1B8A9AB2054B1A82B8
:1069B800C046BD4602B080BD2C0500200003002063
:1069C800000000201800002080B582B000AFFB1C3A
:1069D80001221A7001237B6021E0154A7B68D318D5
:1069E8001B78DBB21AB27B6801331149CB5CDBB28E
:1069F8001BB21B021BB2134319B2FB1C1B78DBB280
:106A08001A0089B20B4B5200D152FB1C1B78DBB227
:106A18000133DAB2FB1C1A707B6802337B607B6837
:106A2800132BDADDC046C046BD4602B080BDC04665
:106A38002C0500203000002090B587B000AF7860AA
:106A480039601723FB1800221A7000233B6113E0FA
:106A58007A683B69D31819780F203B1817243A191C
:106A680012784A401A703B181A783B1908498A5C10
:106A78001A703B6901333B613A693B689A42E7D334
:106A88001723FB181B781800BD4607B090BDC046F9
:106A98009C8A000880B500AFB84B5B6ADAB2B84B85
:106AA8001A70B84B1B689B07DB0FDBB2002B00D0BA
:106AB80054E1B34B1B78DBB26D2B16D1B14B1B687D
:106AC800DB07DB0FDBB2002B0FD1AE4B1A780121AD
:106AD8000A431A70AA4B00225A60A94B5B68A84A5D
:106AE8001278D1B2A84AD15438E1A64B1B68DB070B
:106AF800DB0FDBB2012B15D1A14B5B682A2B11D818
:106B0800A14B1B78DBB26D2B0CD19D4B5B685A1CDB
:106B18009B4B5A609A4B5B68994A1278D1B29A4A51
:106B2800D1541BE1964B1B78DBB2732B16D1954BD6
:106B38001B68DB07DB0FDBB2002B0FD1914B1A78F8
:106B480001210A431A708E4B00225A608C4B5B68F5
:106B58008B4A1278D1B28C4AD154FFE0894B1B681A
:106B6800DB07DB0FDBB2012B15D1854B5B68002BF4
:106B780011D1854B1B78DBB2732B0CD1804B5B6832
:106B88005A1C7F4B5A607E4B5B687D4A1278D1B2A3
:106B98007D4AD154E2E07A4B1B78DBB2632B16D1E5
:106BA800784B1B68DB07DB0FDBB2002B0FD1754B73
:106BB8001A7801210A431A70714B00225A60704BEF
:106BC8005B686F4A1278D1B26F4AD154C6E06D4BF8
:106BD8001B68DB07DB0FDBB2012B15D1684B5B6849
:106BE800152B11D8684B1B78DBB2632B0CD1644B87
:106BF8005B685A1C624B5A60614B5B68604A12784A
:106C0800D1B2614AD154A9E05D4B1B78DBB2722B3B
:106C180016D15C4B1B68DB07DB0FDBB2002B0FD1F7
:106C2800584B1A7801210A431A70554B00225A60B2
:106C3800534B5B68524A1278D1B2534AD1548DE013
:106C4800504B1B68DB07DB0FDBB2012B15D14C4B1C
:106C58005B68002B11D14C4B1B78DBB2722B0CD12B
:106C6800474B5B685A1C464B5A60454B5B68444A25
:106C78001278D1B2444AD15470E0414B1B78DBB250
:106C8800612B16D13F4B1B68DB07DB0FDBB2002BF8
:106C98000FD13C4B1A7801210A431A70384B002255
:106CA8005A60374B5B68364A1278D1B2364AD154AB
:106CB80054E0344B1B68DB07DB0FDBB2012B15D12B
:106CC8002F4B5B68032B11D82F4B1B78DBB2612B42
:106CD8000CD12B4B5B685A1C294B5A60284B5B68BC
:106CE800274A1278D1B2284AD15437E0244B1B786E
:106CF800DBB2672B16D1234B1B68DB07DB0FDBB23C
:106D0800002B0FD11F4B1A7801210A431A701C4B14
:106D180000225A601A4B5B68194A1278D1B21A4A93
:106D2800D1541BE0174B1B68DB07DB0FDBB2012BD1
:106D380014D1134B5B68022B10D8134B1B78DBB2B2
:106D4800672B0BD10E4B5B685A1C0D4B5A600C4BD2
:106D58005B680B4A1278D1B20B4AD154074B1A68B8
:106D6800064B08210A431A60044B1A6A034B082190
:106D78000A431A62C046BD4680BDC0460044004072
:106D88002C060020280600202C05002080B500AF26
:106D9800164B1B68DB07DB0FDBB2012B22D1144B30
:106DA800DB69402213401DD0124B1B889AB2114B4D
:106DB8005B889BB29A4210D20E4B1B889BB21A007A
:106DC8000D4B9B5CDAB20A4B9A620A4B1B889BB24A
:106DD80001339AB2074B1A8004E0044B1A78012158
:106DE8008A431A70C046BD4680BDC0469006002042
:106DF8000044004094060020340600200D488546D3
:106E0800FDF7B3FD0C480D490D4A002302E0D458A4
:106E1800C4500433C4188C42F9D30A4A0A4C0023DC
:106E280001E013600432A242FBD301F03DF9FDF703
:106E3800A5FBFEE700900020000000208C02002047
:106E4800D48B00088C02002098060020FEE780B54D
:106E580084B000AFF860B9607A60FB681968BB68F5
:106E68005B431A0013005B009B18DB430B401A00BE
:106E7800BB685B4379684B431A43FB681A60C0469A
:106E8800BD4604B080BD80B584B000AFF860B9607D
:106E98007A60FB685B68BA68D2431A40BB68796855
:106EA8004B431A43FB685A60C046BD4604B080BDD8
:106EB80080B584B000AFF860B9607A60FB68996803
:106EC800BB685B431A0013005B009B18DB430B4055
:106ED8001A00BB685B4379684B431A43FB689A60A6
:106EE800C046BD4604B080BD80B584B000AFF86030
:106EF800B9607A60FB68D968BB685B431A00130005
:106F08005B009B18DB430B401A00BB685B43796846
:106F18004B431A43FB68DA60C046BD4604B080BDE7
:106F280080B584B000AFF860B9607A60FB68196A10
:106F3800BB685B43BA685343BA685A4313001B01E2
:106F48009B1ADB430B401A00BB685B43B9684B4391
:106F5800B9684B4379684B431A43FB681A62C046C9
:106F6800BD4604B080BD80B584B000AFF860B9609C
:106F78007A60FB68596ABB681B0ABA68120A5343ED
:106F8800BA68120A5343BA68120A5A4313001B011B
:106F98009B1ADB430B401A00BB681B0AB968090A35
:106FA8004B43B968090A4B43B968090A4B437968E6
:106FB8004B431A43FB685A62C046BD4604B080BDC5
:106FC80080B584B000AF786039600023FB6047E08B
:106FD8003B681B680121FA6891400A001340BB60B6
:106FE800BB68002B39D03B685B68012B03D03B683A
:106FF8005B68022B0DD13B689A68B9687B681800FA
:10700800FFF756FF3B68DA68B9687B681800FFF736
:107018003AFF3B681A69B9687B681800FFF764FF94
:107028003B685B68022B11D1BB68FF2B07D83B6814
:107038005A69B9687B681800FFF772FF06E03B6879
:107048005A69B9687B681800FFF78DFF3B685A6872
:10705800B9687B681800FFF7FAFEFB680133FB602C
:107068003B681A68FB68DA40131EB1D10023180088
:10707800BD4604B080BD80B582B000AF78607B6843
:107088001B6801221A437B681A60C046BD4602B0DD
:1070980080BD80B582B000AF78607B681B68012234
:1070A80093431A007B681A60C046BD4602B080BD93
:1070B80080B584B000AFF860B9607A60FB681B687F
:1070C800064A1A407B681902BB680B431A43FB68DF
:1070D8001A60C046BD4604B080BDC046FFE0FFFF51
:1070E80080B584B000AFF860B9607A60FB689B68CF
:1070F800DB0ADA02B9687B680B431A43FB689A60BB
:10710800C046BD4604B080BD80B582B000AF78608F
:107118007B689B68802212021A437B689A60C0468B
:10712800BD4602B080BD000080B582B000AF786077
:107138007B689B68034A1A407B689A60C046BD46D4
:1071480002B080BDFF7FFFFF80B582B000AF7860DE
:1071580039607B683A681A61C046BD4602B080BD96
:1071680080B582B000AF786039607B681B68054ADB
:107178001A403B681A437B681A60C046BD4602B095
:1071880080BDC046FFFFCFFF80B582B000AF7860FA
:1071980039607B685B68054A1A403B681A437B681C
:1071A8005A60C046BD4602B080BDC046FF7FFFFFA3
:1071B80080B582B000AF786039607B681800FFF74F
:1071C80068FF3B6899683B68DA687B681800FFF7D6
:1071D8006FFF3B685A687B6811001800FFF7B4FF1F
:1071E8007B681800FFF747FF7B681800FFF79CFFD4
:1071F8003B6819693B689A697B681800FFF770FF5C
:107208003B681B69002B03D07B681800FFF77CFFE5
:107218003B681A687B6811001800FFF7A1FF3B68FC
:107228005A697B6811001800FFF7AEFF00231800A9
:10723800BD4602B080BD000080B500AF074B1A689C
:107248008023DB001A408023DB009A4201D101230E
:1072580000E000231800BD4680BDC0460010024073
:1072680080B500AF054BDB6D02221340022B01D124
:10727800012300E000231800BD4680BD0010024035
:1072880080B500AF034B9B68382213401800BD46F9
:1072980080BDC0460010024080B500AF034B9A681D
:1072A800F0231B0113401800BD4680BD00100240AA
:1072B80080B500AF034B9A68E023DB011340180048
:1072C800BD4680BD0010024080B582B000AF786036
:1072D800054B5B6D7A681A407B681B0413431800E2
:1072E800BD4602B080BDC0460010024080B500AF68
:1072F800034BDB681B0A7F2213401800BD4680BD84
:107308000010024080B500AF034BDB685B0F5B07E2
:107318001800BD4680BDC0460010024080B500AFD1
:10732800034BDB68032213401800BD4680BDC046EE
:107338000010024080B500AF034BDB687022134099
:107348001800BD4680BDC0460010024080B582B01E
:1073580000AF786000F0A8F802007B681A607B68CC
:107368001B68180000F0CEF802007B685A607B6842
:107378005B68180000F0DEF802007B689A60C0467F
:10738800BD4602B080BD000080B584B000AF786013
:107398000023FB607B68032B34D17B681800FFF760
:1073A80093FF0300394A934216D0384A93421CD8B7
:1073B800374A934203D0374A934205D015E000F08C
:1073C80073F80300FB605CE0FFF736FF0300012B56
:1073D80050D1314BFB604DE0FFF742FF0300012B1A
:1073E8004AD180231B02FB6046E000F05DF80300F1
:1073F800180000F087F80300180000F09BF803005D
:10740800FB603EE07B680C2B3BD17B681800FFF7E4
:107418005BFF0300214A934216D0204A93421CD8AE
:107428001F4A934203D01F4A934205D015E000F04B
:107438003BF80300FB6024E0FFF7FEFE0300012B8E
:107448001CD1154BFB6019E0FFF70AFF0300012B65
:1074580016D180231B02FB6012E000F025F8030020
:10746800180000F04FF80300180000F063F803005C
:10747800FB6006E0C04604E0C04602E0C04600E00B
:10748800C046FB681800BD4604B080BD0300030079
:1074980001000300020003000024F4000C000C00AB
:1074A80004000C0008000C0080B582B000AFFFF7A4
:1074B800E7FE0300082B02D0102B03D007E00E4B89
:1074C8007B6014E000F04CF803007B600FE00B4B8E
:1074D8001B68DB0A0722134001229A4013003B6015
:1074E80039680748F8F708FE03007B60C0467B68E8
:1074F8001800BD4602B080BD40787D0100100240F2
:107508000024F40080B582B000AF7860FFF7C4FEB5
:1075180003001B0A0F221A40054B9200D3581F2262
:1075280013407A68DA4013001800BD4602B080BDE7
:107538003C8A000880B582B000AF7860FFF7B8FEDB
:1075480003001A0B054B9200D3581F2213407A6888
:10755800DA4013001800BD4602B080BD7C8A0008DE
:1075680090B583B000AFFFF7D9FE03003B603B68DE
:10757800022B03D03B68032B03D005E0134B7B6041
:1075880005E0134B7B6002E0104B7B60C046FFF7C1
:10759800ADFE02007B6853431C00FFF7CBFE0300DF
:1075A8001B09013319002000F8F7A6FD03001C0091
:1075B800FFF7A8FE03005B0F013319002000F8F75E
:1075C8009BFD03001800BD4603B090BD0024F400E5
:1075D80040787D0180B582B000AF786039607B6803
:1075E8009B69402293431A003B681A437B689A615F
:1075F800C046BD4602B080BD80B582B000AF78609D
:107608007B689B69402213401800BD4602B080BDCC
:1076180080B582B000AF78607B6801225242DA60A0
:10762800C046BD4602B080BD80B582B000AF78606C
:107638007B6881225242DA60C046BD4602B080BDF6
:1076480080B582B000AF78607B689B6920221340C8
:10765800202B01D1012300E000231800BD4602B011
:1076680080BD000080B582B000AF786039607B686B
:107678001B69054A1A403B681B041A437B681A6158
:10768800C046BD4602B080BDFFFF80FF80B582B016
:1076980000AF786039607B681B69DB0BDA033B68F5
:1076A8001A437B681A61C046BD4602B080BD80B5EA
:1076B80082B000AF78607B68FF225A62C046BD4640
:1076C80002B080BD80B582B000AF78607B68CA2206
:1076D8005A627B6853225A62C046BD4602B080BDDA
:1076E80080B586B000AFF860B9607A603B607B68AF
:1076F8001A04FF231B041A40BB681A433B681B0289
:107708001B041B0C1A433B6AFF210B4013437B618C
:10771800FB681B68044A1A407B691A43FB681A60B5
:10772800C046BD4606B080BD808080FF80B586B06B
:1077380000AFF860B9607A603B60BB685A033B6A87
:107748001904FF231B040B401A433B681B021B044C
:107758001B0C1A437B68FF210B4013437B61FB68BA
:107768005B68054A1A407B691A43FB685A60C04641
:10777800BD4606B080BDC046C00000FF80B582B0DF
:1077880000AF78607B68DB6840221340402B01D152
:10779800012300E000231800BD4602B080BD80B57B
:1077A80082B000AF78607B68DB6820221340202B12
:1077B80001D1012300E000231800BD4602B080BDBE
:1077C80080B582B000AF78607B68DB6880221340A8
:1077D800A12252421A437B68DA60C046BD4602B015
:1077E80080BD000080B500AF074B1A6880235B029C
:1077F8001A4080235B029A4201D1012300E0002352
:107808001800BD4680BDC04610E000E090B585B0C8
:1078180000AF786039600F243B1901221A707B6829
:107828001800FFF74FFF7B68180000F07EF903008F
:10783800012B1BD03B681A687B6811001800FFF702
:10784800C9FE3B689A687B6811001800FFF71EFFA5
:107858003B685A687B6811001800FFF703FF7B68D4
:107868001800FFF7E1FE3B1900221A707B68180028
:10787800FFF71DFF0F23FB181B781800BD4605B046
:1078880090BDF0B5C64600B588B002AFF860B960E3
:107898007A601723FB1801221A70BB68002B09D1E4
:1078A800FB681800FFF7A8FE031E0CD17B680022B6
:1078B8001A6008E0FB681800FFF79EFE031E02D15D
:1078C8007B6800221A60FB681800FFF7FBFEFB6864
:1078D800180000F02AF90300012B70D0BB68002BB8
:1078E8000FD07B6819687B681B791A007B685B7905
:1078F8001C007B689B79F86800932300FFF7F0FE73
:1079080046E07B681D687B681B790A211800F8F738
:10791800F3FB0300DBB21B01DCB27B681B790A2195
:107928001800F8F76FFC0B00DBB22343DBB21E0034
:107938007B685B790A211800F8F7DEFB0300DBB2ED
:107948001B01DCB27B685B790A211800F8F75AFC46
:107958000B00DBB22343DBB298467B689B790A2194
:107968001800F8F7C9FB0300DBB21B01DCB27B6827
:107978009B790A211800F8F745FC0B00DBB223437A
:10798800DBB2F8680093434632002900FFF7A8FEEF
:10799800FB681800FFF748FEFB681800FFF750FE69
:1079A800031E08D11723FC18FB68180000F0FBF829
:1079B8000300237003E01723FB1800221A70FB68EA
:1079C8001800FFF774FE1723FB181B781800BD4634
:1079D80006B080BCB846F0BDF0B5C64600B588B064
:1079E80002AFF860B9607A601723FB1801221A7099
:1079F800BB68002B0ED17B685B781A0010231340FC
:107A080008D07B685B7810229343DBB20A33DAB282
:107A18007B685A70FB681800FFF754FEFB68180073
:107A280000F083F80300012B72D0BB68002B10D044
:107A38007B681B7819007B689B781A007B685B78E9
:107A48001C007B68DB78F86800932300FFF76EFE64
:107A580047E07B681B781D007B689B780A2118002B
:107A6800F8F74AFB0300DBB21B01DCB27B689B78AA
:107A78000A211800F8F7C6FB0B00DBB22343DBB280
:107A88001E007B685B780A211800F8F735FB0300B5
:107A9800DBB21B01DCB27B685B780A211800F8F7BF
:107AA800B1FB0B00DBB22343DBB298467B68DB7883
:107AB8000A211800F8F720FB0300DBB21B01DCB237
:107AC8007B68DB780A211800F8F79CFB0B00DBB217
:107AD8002343DBB2F8680093434632002900FFF7DE
:107AE80025FEFB681800FFF79FFDFB681800FFF7ED
:107AF800A7FD031E08D11723FC18FB68180000F027
:107B080052F80300237003E01723FB1800221A70B1
:107B1800FB681800FFF7CBFD1723FB181B7818002C
:107B2800BD4606B080BCB846F0BD80B586B000AF93
:107B38007860FA239B00FB601723FB1800221A7059
:107B48007B681800FFF71AFE031E25D17B68180012
:107B5800FFF75EFD7B681800FFF710FE03003B612E
:107B680014E0FFF73FFE0300012B02D1FB68013B45
:107B7800FB607B681800FFF701FE03003B61FB68B0
:107B8800002B03D11723FB1801221A70FB68002B66
:107B980002D03B69012BE4D11723FB181B7818008E
:107BA800BD4606B080BD80B586B000AF7860FA23C8
:107BB8009B00FB601723FB1800221A707B681800D3
:107BC800FFF7FEFD7B681800FFF7E9FD03003B6146
:107BD80014E0FFF707FE0300012B02D1FB68013B0D
:107BE800FB607B681800FFF7DAFD03003B61FB6868
:107BF800002B03D11723FB1801221A70FB68002BF6
:107C080002D03B69002BE4D11723FB181B78012B0A
:107C180024D0FA239B00FB607B681800FFF7BFFDA8
:107C280003003B6114E0FFF7DDFD0300012B02D1E7
:107C3800FB68013BFB607B681800FFF7B0FD0300A1
:107C48003B61FB68002B03D11723FB1801221A7034
:107C5800FB68002B02D03B69012BE4D11723FB18EA
:107C68001B781800BD4606B080BD80B582B000AF55
:107C7800786039607B683A689A62C046BD4602B04F
:107C880080BD80B582B000AF786039607B683A68A3
:107C9800DA62C046BD4602B080BD80B582B000AF92
:107CA800786039607B683A681A63C046BD4602B09E
:107CB80080BD80B582B000AF78607B685B690122C7
:107CC8001A437B685A61C046BD4602B080BD0000B9
:107CD80080B584B000AF786039607B681B68FB6052
:107CE8007B68304A934203D07B682F4A934207D17E
:107CF800FB68702293431A003B685B681343FB6080
:107D08007B68284A934213D07B68274A93420FD056
:107D18007B68264A93420BD07B68254A934207D05A
:107D28007B68244A934203D07B68234A934206D156
:107D3800FB68224A1A403B68DB681343FB607B6898
:107D4800FA681A603B689A687B6811001800FFF7A8
:107D580098FF3B681B881A007B6811001800FFF722
:107D680084FF7B680F4A93420BD07B68104A93428A
:107D780007D07B680F4A934203D07B680E4A934230
:107D880006D13B681A697B6811001800FFF785FF68
:107D98007B681800FFF78DFF00231800BD4604B06C
:107DA80080BDC046002C0140000400400020004077
:107DB800004001400044014000480140FFFCFFFF33
:107DC80080B582B000AF78607B681B6801221340E1
:107DD800012B01D1012300E000231800BD4602B0A9
:107DE80080BD80B582B000AF786039607B68DB6A9F
:107DF8000F2293433A6892B21A437B68DA62C0460C
:107E0800BD4602B080BD000080B582B000AF78608A
:107E180039607B685B68054A1A403B681A437B688F
:107E28005A60C046BD4602B080BDC046FFCFFFFFC6
:107E380080B582B000AF786039607B689B68054A7E
:107E48001A403B681A437B689A60C046BD4602B038
:107E580080BDC046FFFCFFFF80B586B000AFF8606C
:107E6800B9607A603B607B680B2B46D83B6A002B75
:107E780043D03A6880231B029A4226D17B68DBB242
:107E88001A00204B9200D3581900B868F8F734F953
:107E980003005A003B6A5B08D318396A1800F8F7E0
:107EA8002BF903009BB27B617B69174A13403B6146
:107EB8007B695B089BB21A00072313403A69134396
:107EC8003B61FB683A69DA6017E07B68DBB21A004D
:107ED8000C4B9200D3581900B868F8F70DF9030055
:107EE8001A003B6A5B08D318396A1800F8F704F9D6
:107EF80003009BB21A00FB68DA60C046BD4606B0B4
:107F080080BDC0469C8B0008F0FF000090B58BB088
:107F180002AF786039601F23FB1801221A70002312
:107F2800BB617B681800FFF74BFF031E6AD17B68B3
:107F38001B68384A1A403B6899683B681B691943B3
:107F48003B685B6919433B68DB690B431A437B68F1
:107F58001A603B68DA687B6811001800FFF754FF65
:107F68003B689A697B6811001800FFF761FF7B681E
:107F7800294A934205D10320FFF706FA0300BB61A3
:107F880022E07B68254A934205D10C20FFF7FCF9D3
:107F98000300BB6118E07B68214A934208D10C2496
:107FA8003B191800FFF7D2F93B199B68BB610BE03E
:107FB8007B681C4A934207D10C243B191800FFF731
:107FC800C5F93B199B68BB61BB69002B13D03B68A3
:107FD8005B68002B0FD01F23FB1800221A703B6828
:107FE8001A683B68DC693B685B68B9697868009324
:107FF8002300FFF731FF3B681A687B6811001800FF
:10800800FFF7EFFE1F23FB181B781800BD4609B0C9
:1080180090BDC046F369FFEF0038014000440040BE
:1080280000480040004C004080B582B000AF786046
:10803800396039687868F8F75FF803001A00064B6A
:10804800013A5A60044B00229A60034B05221A60D9
:10805800C046BD4602B080BD10E000E080B582B0E9
:1080680000AF7860FA239A007B6811001800FFF7C8
:10807800DBFFC046BD4602B080BD000080B582B0BF
:1080880000AF7860034B7A681A60C046BD4602B0FC
:1080980080BDC0465C02002003008218934200D1D4
:1080A800704719700133F9E770B500260C4C0D4D77
:1080B800641BA410A64209D1002600F019F80A4C46
:1080C8000A4D641BA410A64205D170BDB300EB583D
:1080D80098470136EEE7B300EB5898470136F2E7C8
:1080E800CC8B0008CC8B0008D08B0008CC8B000808
:1080F800F8B5C046F8BC08BC9E467047F8B5C046FF
:08810800F8BC08BC9E4670475C
:10811000203D000053796E635F436F6D706C657432
:108120006500000053796E63696E672E2E000000B3
:1081300053657474696E672E2E2E0000205365748B
:1081400074696E67732053656E640000456E6572D6
:10815000677920446174612053746F726564000014
:10816000526573657420636F6D706C65746564002F
:10817000203A200054696D6500000000203A00009C
:108180003A00000044617465000000004D657465AC
:10819000726E675F436F6D6D2E5F6572726F7200F6
:1081A00053657474696E675F436F6D6D5F6572725E
:1081B0006F72000043616C6962726174696F6E5F17
:1081C000436F6D6D5F6572726F7200004D6574650F
:1081D00072696E67000000004D65746572696E67B4
:1081E0005F446174615F5271000000004F707469F8
:1081F0006F6E000070617373776F7264000000002F
:1082000063616C6962726174696F6E0043616C696D
:10821000625F5570646174655F616E645F53656E23
:108220006400000053657474696E6700536574746C
:10823000696E675F53656E645F446174610000003E
:1082400053657474696E675F446174615F52710055
:10825000536176655F53657474696E675F696E5FBD
:10826000454550524F4D0000557365725F5265731E
:10827000657400004461696C795F526573657400D0
:1082800053656E645F52657365745F5271000000E0
:108290004578745F5254435F5365745F54696D65EC
:1082A0005F446174650000004572726F72000000E7
:1082B00043616C6962726174696E672E2E2E0000D4
:1082C000F6050008220500080C05000888050008CE
:1082D0000C050008BC0500080C050008880500080E
:1082E0002205000822050008BC05000888050008D2
:1082F000F8040008F8040008F8040008C60500089F
:1083000022050008220500080C0500086206000886
:108310000C050008BC0500080C05000862060008F2
:108320002205000822050008BC05000862060008B6
:10833000F8040008F8040008F80400084D000000E4
:1083400000000000000044435F4C696E6B20202059
:10835000565F5056202020200000495F50562020B4
:108360002020000050565F4B572020000000505640
:108370005F4B574820200000565F4D61696E7320A7
:108380000000495F496E762020200000495F4D6162
:10839000696E73200000465F477269642020000008
:1083A000477269645F4B56410000477269645F4BD6
:1083B00057480000200000000000000000002000DE
:1083C000000000000000000020000000000000008D
:1083D000000020000000000000000000200000005D
:1083E00000000000000043524300000000000000B5
:1083F000000000000000000000000000000000007D
:10840000000000000000000000000000000000006C
:10841000000000000000000043616C696200000081
:1084200000000000000000000000000053657474AC
:10843000696E6700000000000000000000000000FE
:108440005265736574000000000000000000000029
:108450000000000054696D655F44617465000000B0
:10846000000000000000000033305F446179735F5A
:10847000456E657267795F4469737000506173730C
:10848000776F7264000000004300000000000000ED
:108490000000565F496E762020200000565F426142
:1084A000742020200000495F496E762020200000C3
:1084B000495F4261742020200000565F5056202002
:1084C00020200000495F5056202020200000565FE9
:1084D0004D61696E73200000495F4D61696E735F85
:1084E0004354495F496E765F43540000200000000A
:1084F00000000000000043524300000000000000A4
:1085000043000000000000000000000000000043E5
:10851000616C5F565F496E760000000000004361A9
:108520006C5F565F42617400000000000043616CA4
:108530005F495F496E7600000000000043616C5F98
:10854000495F42617400000000000043616C5F56A7
:108550005F50560000000000000043616C5F495FFF
:1085600050560000000000000043616C5F565F4DF4
:1085700061696E7300000000435F495F4D61696E81
:10858000735F4354200000435F495F496E765F4349
:108590005420000000002000000000000000000047
:1085A00000000000004352430000000000000000F3
:1085B0000000000053000000000000000000000068
:1085C0000000000000000000565F496E765F5265B3
:1085D000660000000000000000000000565F496EC9
:1085E000765F554C00000000000000000000000015
:1085F000565F496E765F4C4C0000000000000000A2
:108600000000000050565F4368675F565F42617428
:108610005F52656600000000565F4261745F485F0C
:108620004375746F6666000000000000565F42618B
:10863000745F485F437574696E00000000000000BD
:10864000565F4261745F4C5F437574696E00000051
:1086500000000000565F4261745F4C5F4375746FA9
:108660006666000000000000495F4261745F436875
:10867000675F554C0000000000000000495F496E34
:10868000765F46756C6C5F4C6F61640000000000A3
:10869000495F496E765F3131305F4C6F6164000035
:1086A00000000000495F496E765F3132355F4C6FE4
:1086B0006164000000000000495F496E765F31355B
:1086C000305F4C6F6164000000000000495F47723A
:1086D00069645F4578705F4C696D697400000000E3
:1086E000495F477269645F496D705F4C696D697479
:1086F0000000000050565F485F4375746F66660067
:10870000000000000000000050565F485F43757491
:10871000696E0000000000000000000050565F4C31
:108720005F437574696E00000000000000000000E7
:1087300050565F4C5F4375746F6666000000000022
:1087400000000000495F50565F554C0000000000DB
:108750000000000000000000565F4D61696E735F0D
:10876000485F4375746F666600000000565F4D6198
:10877000696E735F485F437574696E0000000000A6
:10878000565F4D61696E735F4C5F437574696E002F
:1087900000000000565F4D61696E735F4C5F43756A
:1087A000746F666600000000565F4261745F426F3E
:1087B0006F73745F5265660000000000565F42618F
:1087C000745F4571756C7A5F526566000000000049
:1087D0004261745F4571756C7A746E5F527100000E
:1087E0000000000050565F506F7765725F4C696DF6
:1087F00069740000000000004D6F64650000000017
:1088000000000000000000000000000047726964E2
:108810005F436F6E63745F4256000000000000000B
:10882000477269645F4368675F537472745F42564E
:1088300000000000477269645F4368675F53746FAC
:10884000705F425600000000477269645F446973BC
:108850005F4256000000000000000000477269649B
:108860005F4469732E5F495F42617400000000003D
:10887000495F4368726700000000000000000000CC
:1088800000000000477269645F426F6F73745F524B
:108890006566000000000000477269645F466C6F07
:1088A00061745F526566000000000000435243009F
:1088B00000000000000000000000000000000000B8
:1088C00000000000000000000000000000000000A8
:1088D0000000000000000000000000000000000098
:1088E0000000000000000000000000000000803ECA
:1088F000CDCC4C3E7F6ABC3C3333B33E9CA73A3E62
:108900007F6ABC3C46B6F33D000000009A99993E50
:10891000CDCC4C3E0000000000000000CDCC4C3E11
:108920009A99193ECDCC4C3E9A99993ECDCC4C3E6D
:10893000CDCC4C3E9A99193ECDCC4C3E9A99993E5D
:10894000CDCC4C3ECDCC4C3E9A99193ECDCC4C3E34
:108950009A99993ECDCC4C3ECDCC4C3E9A99193E3D
:10896000CDCC4C3E9A99993ECDCC4C3ECDCC4C3E94
:108970009A99193ECDCC4C3E9A99993ECDCC4C3E1D
:10898000CDCC4C3E9A99193ECDCC4C3E9A99993E0D
:10899000CDCC4C3ECDCC4C3E9A99193ECDCC4C3EE4
:1089A0009A99993ECDCC4C3ECDCC4C3E9A99193EED
:1089B000CDCC4C3E9A99993E000000005365636F00
:1089C0006E64730000004D696E757465730000007D
:1089D000486F757273000000000044617900000068
:1089E000000000004D6F6E746800000000005965C3
:1089F0006172000000000000562C00085C2C00088A
:108A0000622C0008682C00086E2C0008742C0008EA
:108A10007A2C0008862C00088C2C0008802C00087A
:108A2000922C0008982C00089E2C0008A42C00080A
:108A3000AA2C0008B62C0008B02C0008000000008A
:108A40000000000000000000000000000000000026
:108A50000000000000000000000000000100000015
:108A600002000000030000000400000006000000F7
:108A700007000000080000000900000000000000DE
:108A800000000000000000000000000001000000E5
:108A900002000000030000000400000000070E09AF
:108AA0001C1B1215383F363124232A2D70777E790E
:108AB0006C6B6265484F464154535A5DE0E7EEE9FE
:108AC000FCFBF2F5D8DFD6D1C4C3CACD90979E99EE
:108AD0008C8B8285A8AFA6A1B4B3BABDC7C0C9CEDE
:108AE000DBDCD5D2FFF8F1F6E3E4EDEAB7B0B9BECE
:108AF000ABACA5A28F88818693949D9A2720292EBE
:108B00003B3C35321F18111603040D0A5750595EAD
:108B10004B4C45426F68616673747D7A898E87809D
:108B200095929B9CB1B6BFB8ADAAA3A4F9FEF7F08D
:108B3000E5E2EBECC1C6CFC8DDDAD3D4696E67607D
:108B400075727B7C51565F584D4A4344191E17106D
:108B500005020B0C21262F283D3A33344E4940475D
:108B600052555C5B7671787F6A6D64633E3930374D
:108B700022252C2B0601080F1A1D1413AEA9A0A73D
:108B8000B2B5BCBB9691989F8A8D8483DED9D0D72D
:108B9000C2C5CCCBE6E1E8EFFAFDF4F3010000003A
:108BA00002000000040000000600000008000000B1
:108BB0000A0000000C00000010000000200000006F
:0C8BC000400000008000000000010000E8
:048BCC00E1000008BC
:048BD000B9000008E0
:108BD4004300000800080008000800080008000816
:108BE40000080008000843004300000800080008CB
:108BF40000080008000800080008000800084300F6
:108C040043000008000800080008000800080008E5
:108C140000080008000843005300270775083905B9
:108C2400CD0ABF0D280D7208DB079A0967060B07EA
:108C340001089B099E079E07DF093709F901A50171
:108C44005606490AE709DB061806540BC409000056
:108C5400D0070100C4099209C409C409C80064000A
:108C6400C409C409000000004300000053002707A2
:108C740075083905CD0ABF0D280D7208DB079A095E
:108C840067060B0701089B099E079E07DF09370942
:108C9400F901A5015606490AE709DB061806540B33
:108CA400C4090000D0070100C4099209C409C40919
:108CB400C8006400C409C4090000000043000000A7
:108CC400000102030405060708090A0B0C0D0E0F28
:108CD400101112131415161718191A1B1C1D1E1F18
:108CE400202122232425262728292A2B2C2D2E2F08
:108CF400303132333435363738393A3B3C3D3E3FF8
:108D0400404142434445464748494A4B4C4D4E4FE7
:108D1400505152535455565758595A5B5C5D5E5FD7
:108D2400606162636465666768696A6B6C6D6E6FC7
:108D3400707172737475767778797A7B7C7D7E7FB7
:108D4400808182838485868788898A8B8C8D8E8FA7
:108D5400909192939495969798999A9B9C9D9E9F97
:108D6400A0A1A2A3A4A5A6A7A8A9AAABACADAEAF87
:108D7400B0B1B2B3B4B5B6B7B8B9BABBBCBDBEBF77
:108D8400C0C1C2C3C4C5C6C7C8C9CACBCCCDCECF67
:108D9400D0D1D2D3D4D5D6D7D8D9DADBDCDDDEDF57
:108DA400E0E1E2E3E4E5E6E7E8E9EAEBECEDEEEF47
:108DB400F0F1F2F3F4F5F6F7F8F9FAFBFCFDFEFF37
:108DC400CECFD0D1C8C9CACBCCCDCECFD0D1C8C9D3
:108DD400CACBCCCDCECFD0D1C8C9CACBCCCDCECFC7
:108DE400D0D1C8C9CACBCCCDCECFD0D10C12120CA5
:108DF4000000000000040E1F0E040000040404041C
:108E04001F0E04000A15110A040000000A1F1F0E99
:108E1400040000000000000000000000000000004A
:108E24000000000000000000000000000024F40026
:108E3400C3085C0A6606BF0D7208DB07A803BC0200
:108E4400120011009E079E07DF093709F901A501E9
:0C8E54005606F609E7091806DB06D007F1
:0400000508006E057C
:00000001FF
